考试类型,科目,重要程度,问题,答案,备注
一级注册消防工程师,消防安全技术实务,高,复习燃烧基础知识时最应先抓什么？,最应先抓：先抓燃烧三要素（可燃物、助燃物、引火源）和燃烧类型分类。作答时要围绕燃烧条件判定和火灾类型对应展开。,核心概念
一级注册消防工程师,消防安全技术实务,高,燃烧基础知识最容易出现的失分点是什么？,最常见失分点是：把燃烧类型和灭火原理混淆。应回到规范条文、技术参数和适用条件判断。,易错点
一级注册消防工程师,消防安全技术实务,中,如果题目把燃烧基础知识放进实际工程场景，答案应优先写什么？,应先写燃烧基础知识的规范依据，再写关键技术参数，最后结合基础理论说明。,场景应用
一级注册消防工程师,消防安全技术实务,中,燃烧基础知识与一级消防工程师执业有什么直接关系？,它直接影响消防设计审查、验收评定和隐患整改判断。,执业导向
一级注册消防工程师,消防安全技术实务,高,复习火灾分类时最应先抓什么？,最应先抓：重点理解A/B/C/D/E/F各类火灾对应的燃烧物质和灭火剂选用。作答时要从物质特性、危险特点和灭火适配性分析。,核心概念
一级注册消防工程师,消防安全技术实务,高,火灾分类最容易出现的失分点是什么？,最常见失分点是：只记字母代号不知对应物质。应回到规范条文、技术参数和适用条件判断。,易错点
一级注册消防工程师,消防安全技术实务,中,如果题目把火灾分类放进实际工程场景，答案应优先写什么？,应先写火灾分类的规范依据，再写关键技术参数，最后结合基础分类说明。,场景应用
一级注册消防工程师,消防安全技术实务,中,火灾分类与一级消防工程师执业有什么直接关系？,它直接影响消防设计审查、验收评定和隐患整改判断。,执业导向
一级注册消防工程师,消防安全技术实务,高,复习建筑耐火等级时最应先抓什么？,最应先抓：核心是构件燃烧性能和耐火极限的对应关系。作答时要结合建筑类型、使用功能和规范要求判断。,核心概念
一级注册消防工程师,消防安全技术实务,高,建筑耐火等级最容易出现的失分点是什么？,最常见失分点是：把耐火等级和防火分类混为一谈。应回到规范条文、技术参数和适用条件判断。,易错点
一级注册消防工程师,消防安全技术实务,中,如果题目把建筑耐火等级放进实际工程场景，答案应优先写什么？,应先写建筑耐火等级的规范依据，再写关键技术参数，最后结合防火设计说明。,场景应用
一级注册消防工程师,消防安全技术实务,中,建筑耐火等级与一级消防工程师执业有什么直接关系？,它直接影响消防设计审查、验收评定和隐患整改判断。,执业导向
一级注册消防工程师,消防安全技术实务,高,复习建筑防火分类时最应先抓什么？,最应先抓：要把民用建筑和工业建筑的分类标准分清。作答时要从使用性质、火灾危险性和高度分类展开。,核心概念
一级注册消防工程师,消防安全技术实务,高,建筑防火分类最容易出现的失分点是什么？,最常见失分点是：忽视特殊场所的分类规定。应回到规范条文、技术参数和适用条件判断。,易错点
一级注册消防工程师,消防安全技术实务,中,如果题目把建筑防火分类放进实际工程场景，答案应优先写什么？,应先写建筑防火分类的规范依据，再写关键技术参数，最后结合建筑分类说明。,场景应用
一级注册消防工程师,消防安全技术实务,中,建筑防火分类与一级消防工程师执业有什么直接关系？,它直接影响消防设计审查、验收评定和隐患整改判断。,执业导向
一级注册消防工程师,消防安全技术实务,高,复习防火分区时最应先抓什么？,最应先抓：核心是最大允许建筑面积和防火分隔构件的对应。作答时要先判断建筑类型，再对应面积指标和分隔要求。,核心概念
一级注册消防工程师,消防安全技术实务,高,防火分区最容易出现的失分点是什么？,最常见失分点是：把不同建筑类型的面积指标记混。应回到规范条文、技术参数和适用条件判断。,易错点
一级注册消防工程师,消防安全技术实务,中,如果题目把防火分区放进实际工程场景，答案应优先写什么？,应先写防火分区的规范依据，再写关键技术参数，最后结合高频考点说明。,场景应用
一级注册消防工程师,消防安全技术实务,中,防火分区与一级消防工程师执业有什么直接关系？,它直接影响消防设计审查、验收评定和隐患整改判断。,执业导向
一级注册消防工程师,消防安全技术实务,高,复习防火间距时最应先抓什么？,最应先抓：重点抓不同建筑之间的最小间距要求及减小条件。作答时要从建筑耐火等级、相邻关系和规范数据分析。,核心概念
一级注册消防工程师,消防安全技术实务,高,防火间距最容易出现的失分点是什么？,最常见失分点是：忽视防火间距可减小的特殊条件。应回到规范条文、技术参数和适用条件判断。,易错点
一级注册消防工程师,消防安全技术实务,中,如果题目把防火间距放进实际工程场景，答案应优先写什么？,应先写防火间距的规范依据，再写关键技术参数，最后结合防火设计说明。,场景应用
一级注册消防工程师,消防安全技术实务,中,防火间距与一级消防工程师执业有什么直接关系？,它直接影响消防设计审查、验收评定和隐患整改判断。,执业导向
一级注册消防工程师,消防安全技术实务,高,复习安全疏散时最应先抓什么？,最应先抓：核心是疏散距离、疏散宽度和安全出口数量。作答时要按场所类型、人员密度和建筑高度综合判断。,核心概念
一级注册消防工程师,消防安全技术实务,高,安全疏散最容易出现的失分点是什么？,最常见失分点是：把不同场所的疏散指标套用。应回到规范条文、技术参数和适用条件判断。,易错点
一级注册消防工程师,消防安全技术实务,中,如果题目把安全疏散放进实际工程场景，答案应优先写什么？,应先写安全疏散的规范依据，再写关键技术参数，最后结合人员安全说明。,场景应用
一级注册消防工程师,消防安全技术实务,中,安全疏散与一级消防工程师执业有什么直接关系？,它直接影响消防设计审查、验收评定和隐患整改判断。,执业导向
一级注册消防工程师,消防安全技术实务,高,复习疏散楼梯时最应先抓什么？,最应先抓：要区分敞开楼梯间、封闭楼梯间、防烟楼梯间的适用条件。作答时要从建筑高度、使用功能和设置要求分析。,核心概念
一级注册消防工程师,消防安全技术实务,高,疏散楼梯最容易出现的失分点是什么？,最常见失分点是：混淆三种楼梯间的设置条件。应回到规范条文、技术参数和适用条件判断。,易错点
一级注册消防工程师,消防安全技术实务,中,如果题目把疏散楼梯放进实际工程场景，答案应优先写什么？,应先写疏散楼梯的规范依据，再写关键技术参数，最后结合高频考点说明。,场景应用
一级注册消防工程师,消防安全技术实务,中,疏散楼梯与一级消防工程师执业有什么直接关系？,它直接影响消防设计审查、验收评定和隐患整改判断。,执业导向
一级注册消防工程师,消防安全技术实务,高,复习消防电梯时最应先抓什么？,最应先抓：重点抓设置条件、技术要求和前室设计。作答时要结合建筑高度和使用功能判断是否需要设置。,核心概念
一级注册消防工程师,消防安全技术实务,高,消防电梯最容易出现的失分点是什么？,最常见失分点是：忽视消防电梯前室的具体要求。应回到规范条文、技术参数和适用条件判断。,易错点
一级注册消防工程师,消防安全技术实务,中,如果题目把消防电梯放进实际工程场景，答案应优先写什么？,应先写消防电梯的规范依据，再写关键技术参数，最后结合竖向交通说明。,场景应用
一级注册消防工程师,消防安全技术实务,中,消防电梯与一级消防工程师执业有什么直接关系？,它直接影响消防设计审查、验收评定和隐患整改判断。,执业导向
一级注册消防工程师,消防安全技术实务,高,复习建筑内部装修防火时最应先抓什么？,最应先抓：核心是装修材料燃烧性能等级和适用场所限制。作答时要从材料等级、场所类型和规范要求展开。,核心概念
一级注册消防工程师,消防安全技术实务,高,建筑内部装修防火最容易出现的失分点是什么？,最常见失分点是：把装修材料等级和适用场所对应错。应回到规范条文、技术参数和适用条件判断。,易错点
一级注册消防工程师,消防安全技术实务,中,如果题目把建筑内部装修防火放进实际工程场景，答案应优先写什么？,应先写建筑内部装修防火的规范依据，再写关键技术参数，最后结合装修防火说明。,场景应用
一级注册消防工程师,消防安全技术实务,中,建筑内部装修防火与一级消防工程师执业有什么直接关系？,它直接影响消防设计审查、验收评定和隐患整改判断。,执业导向
一级注册消防工程师,消防安全技术实务,高,复习自动喷水灭火系统时最应先抓什么？,最应先抓：先抓系统类型选择、设计参数和组件功能。作答时要围绕场所危险等级、喷头布置和报警阀组展开。,核心概念
一级注册消防工程师,消防安全技术实务,高,自动喷水灭火系统最容易出现的失分点是什么？,最常见失分点是：把不同系统类型的适用条件混淆。应回到规范条文、技术参数和适用条件判断。,易错点
一级注册消防工程师,消防安全技术实务,中,如果题目把自动喷水灭火系统放进实际工程场景，答案应优先写什么？,应先写自动喷水灭火系统的规范依据，再写关键技术参数，最后结合设施核心说明。,场景应用
一级注册消防工程师,消防安全技术实务,中,自动喷水灭火系统与一级消防工程师执业有什么直接关系？,它直接影响消防设计审查、验收评定和隐患整改判断。,执业导向
一级注册消防工程师,消防安全技术实务,高,复习室内消火栓系统时最应先抓什么？,最应先抓：重点理解设置条件、设计流量和布置要求。作答时要从建筑类型、体积和用水量指标分析。,核心概念
一级注册消防工程师,消防安全技术实务,高,室内消火栓系统最容易出现的失分点是什么？,最常见失分点是：忽视消火栓布置间距和保护半径。应回到规范条文、技术参数和适用条件判断。,易错点
一级注册消防工程师,消防安全技术实务,中,如果题目把室内消火栓系统放进实际工程场景，答案应优先写什么？,应先写室内消火栓系统的规范依据，再写关键技术参数，最后结合设施基础说明。,场景应用
一级注册消防工程师,消防安全技术实务,中,室内消火栓系统与一级消防工程师执业有什么直接关系？,它直接影响消防设计审查、验收评定和隐患整改判断。,执业导向
一级注册消防工程师,消防安全技术实务,高,复习室外消火栓系统时最应先抓什么？,最应先抓：核心在用水量计算、布置间距和供水方式。作答时要结合建筑规模和消防水源条件展开。,核心概念
一级注册消防工程师,消防安全技术实务,高,室外消火栓系统最容易出现的失分点是什么？,最常见失分点是：把室内外消火栓的设计参数混用。应回到规范条文、技术参数和适用条件判断。,易错点
一级注册消防工程师,消防安全技术实务,中,如果题目把室外消火栓系统放进实际工程场景，答案应优先写什么？,应先写室外消火栓系统的规范依据，再写关键技术参数，最后结合给水系统说明。,场景应用
一级注册消防工程师,消防安全技术实务,中,室外消火栓系统与一级消防工程师执业有什么直接关系？,它直接影响消防设计审查、验收评定和隐患整改判断。,执业导向
一级注册消防工程师,消防安全技术实务,高,复习气体灭火系统时最应先抓什么？,最应先抓：要把七氟丙烷、IG541和CO2系统的适用场景分清。作答时要从防护区条件、灭火浓度和安全要求分析。,核心概念
一级注册消防工程师,消防安全技术实务,高,气体灭火系统最容易出现的失分点是什么？,最常见失分点是：忽视气体灭火系统的人员安全措施。应回到规范条文、技术参数和适用条件判断。,易错点
一级注册消防工程师,消防安全技术实务,中,如果题目把气体灭火系统放进实际工程场景，答案应优先写什么？,应先写气体灭火系统的规范依据，再写关键技术参数，最后结合特殊系统说明。,场景应用
一级注册消防工程师,消防安全技术实务,中,气体灭火系统与一级消防工程师执业有什么直接关系？,它直接影响消防设计审查、验收评定和隐患整改判断。,执业导向
一级注册消防工程师,消防安全技术实务,高,复习干粉灭火系统时最应先抓什么？,最应先抓：重点抓适用火灾类型和系统组成。作答时要围绕干粉类型、驱动方式和防护区要求展开。,核心概念
一级注册消防工程师,消防安全技术实务,高,干粉灭火系统最容易出现的失分点是什么？,最常见失分点是：把不同干粉类型的适用范围混淆。应回到规范条文、技术参数和适用条件判断。,易错点
一级注册消防工程师,消防安全技术实务,中,如果题目把干粉灭火系统放进实际工程场景，答案应优先写什么？,应先写干粉灭火系统的规范依据，再写关键技术参数，最后结合灭火系统说明。,场景应用
一级注册消防工程师,消防安全技术实务,中,干粉灭火系统与一级消防工程师执业有什么直接关系？,它直接影响消防设计审查、验收评定和隐患整改判断。,执业导向
一级注册消防工程师,消防安全技术实务,高,复习泡沫灭火系统时最应先抓什么？,最应先抓：核心在泡沫液类型选择和系统设计。作答时要从液体火灾特性、泡沫种类和供给方式分析。,核心概念
一级注册消防工程师,消防安全技术实务,高,泡沫灭火系统最容易出现的失分点是什么？,最常见失分点是：忽视泡沫液与燃烧物的相容性。应回到规范条文、技术参数和适用条件判断。,易错点
一级注册消防工程师,消防安全技术实务,中,如果题目把泡沫灭火系统放进实际工程场景，答案应优先写什么？,应先写泡沫灭火系统的规范依据，再写关键技术参数，最后结合液体防火说明。,场景应用
一级注册消防工程师,消防安全技术实务,中,泡沫灭火系统与一级消防工程师执业有什么直接关系？,它直接影响消防设计审查、验收评定和隐患整改判断。,执业导向
一级注册消防工程师,消防安全技术实务,高,复习火灾自动报警系统时最应先抓什么？,最应先抓：先抓系统形式选择、探测器类型和联动控制。作答时要围绕保护对象、探测原理和报警信号传递展开。,核心概念
一级注册消防工程师,消防安全技术实务,高,火灾自动报警系统最容易出现的失分点是什么？,最常见失分点是：把不同系统形式的适用范围记错。应回到规范条文、技术参数和适用条件判断。,易错点
一级注册消防工程师,消防安全技术实务,中,如果题目把火灾自动报警系统放进实际工程场景，答案应优先写什么？,应先写火灾自动报警系统的规范依据，再写关键技术参数，最后结合报警系统说明。,场景应用
一级注册消防工程师,消防安全技术实务,中,火灾自动报警系统与一级消防工程师执业有什么直接关系？,它直接影响消防设计审查、验收评定和隐患整改判断。,执业导向
一级注册消防工程师,消防安全技术实务,高,复习防排烟系统时最应先抓什么？,最应先抓：重点理解自然排烟和机械排烟的适用条件及设计参数。作答时要从建筑空间、烟气控制目标和风量计算分析。,核心概念
一级注册消防工程师,消防安全技术实务,高,防排烟系统最容易出现的失分点是什么？,最常见失分点是：混淆防烟和排烟的设计目的。应回到规范条文、技术参数和适用条件判断。,易错点
一级注册消防工程师,消防安全技术实务,中,如果题目把防排烟系统放进实际工程场景，答案应优先写什么？,应先写防排烟系统的规范依据，再写关键技术参数，最后结合烟气控制说明。,场景应用
一级注册消防工程师,消防安全技术实务,中,防排烟系统与一级消防工程师执业有什么直接关系？,它直接影响消防设计审查、验收评定和隐患整改判断。,执业导向
一级注册消防工程师,消防安全技术实务,高,复习消防供配电时最应先抓什么？,最应先抓：核心是消防电源等级、配电线路和应急照明要求。作答时要结合建筑等级和消防负荷分类判断。,核心概念
一级注册消防工程师,消防安全技术实务,高,消防供配电最容易出现的失分点是什么？,最常见失分点是：忽视消防配电线路的敷设保护要求。应回到规范条文、技术参数和适用条件判断。,易错点
一级注册消防工程师,消防安全技术实务,中,如果题目把消防供配电放进实际工程场景，答案应优先写什么？,应先写消防供配电的规范依据，再写关键技术参数，最后结合电气防火说明。,场景应用
一级注册消防工程师,消防安全技术实务,中,消防供配电与一级消防工程师执业有什么直接关系？,它直接影响消防设计审查、验收评定和隐患整改判断。,执业导向
一级注册消防工程师,消防安全技术实务,高,复习灭火器配置时最应先抓什么？,最应先抓：要把灭火器类型选择、配置场所和计算方法掌握。作答时要从火灾类型、危险等级和保护距离展开。,核心概念
一级注册消防工程师,消防安全技术实务,高,灭火器配置最容易出现的失分点是什么？,最常见失分点是：把不同危险等级的配置基准混淆。应回到规范条文、技术参数和适用条件判断。,易错点
一级注册消防工程师,消防安全技术实务,中,如果题目把灭火器配置放进实际工程场景，答案应优先写什么？,应先写灭火器配置的规范依据，再写关键技术参数，最后结合基础配置说明。,场景应用
一级注册消防工程师,消防安全技术实务,中,灭火器配置与一级消防工程师执业有什么直接关系？,它直接影响消防设计审查、验收评定和隐患整改判断。,执业导向
一级注册消防工程师,消防安全技术实务,高,复习建筑防爆时最应先抓什么？,最应先抓：重点抓爆炸危险性分区和防爆措施。作答时要围绕危险区域划分、泄压面积和通风要求展开。,核心概念
一级注册消防工程师,消防安全技术实务,高,建筑防爆最容易出现的失分点是什么？,最常见失分点是：忽视防爆设计与防火设计的区别。应回到规范条文、技术参数和适用条件判断。,易错点
一级注册消防工程师,消防安全技术实务,中,如果题目把建筑防爆放进实际工程场景，答案应优先写什么？,应先写建筑防爆的规范依据，再写关键技术参数，最后结合特殊防火说明。,场景应用
一级注册消防工程师,消防安全技术实务,中,建筑防爆与一级消防工程师执业有什么直接关系？,它直接影响消防设计审查、验收评定和隐患整改判断。,执业导向
一级注册消防工程师,消防安全技术实务,高,复习石油化工防火时最应先抓什么？,最应先抓：核心在总平面布局、工艺防火和消防设施配置。作答时要从火灾危险性分类、间距和灭火系统选择分析。,核心概念
一级注册消防工程师,消防安全技术实务,高,石油化工防火最容易出现的失分点是什么？,最常见失分点是：把民用建筑防火要求直接套用。应回到规范条文、技术参数和适用条件判断。,易错点
一级注册消防工程师,消防安全技术实务,中,如果题目把石油化工防火放进实际工程场景，答案应优先写什么？,应先写石油化工防火的规范依据，再写关键技术参数，最后结合工业防火说明。,场景应用
一级注册消防工程师,消防安全技术实务,中,石油化工防火与一级消防工程师执业有什么直接关系？,它直接影响消防设计审查、验收评定和隐患整改判断。,执业导向
一级注册消防工程师,消防安全技术实务,高,复习汽车库防火时最应先抓什么？,最应先抓：要把汽车库分类、防火分区和消防设施要求联系起来。作答时要从车库类型、停车数量和建筑形式判断。,核心概念
一级注册消防工程师,消防安全技术实务,高,汽车库防火最容易出现的失分点是什么？,最常见失分点是：忽视机械式停车库的特殊要求。应回到规范条文、技术参数和适用条件判断。,易错点
一级注册消防工程师,消防安全技术实务,中,如果题目把汽车库防火放进实际工程场景，答案应优先写什么？,应先写汽车库防火的规范依据，再写关键技术参数，最后结合专项防火说明。,场景应用
一级注册消防工程师,消防安全技术实务,中,汽车库防火与一级消防工程师执业有什么直接关系？,它直接影响消防设计审查、验收评定和隐患整改判断。,执业导向
一级注册消防工程师,消防安全技术实务,高,复习人员密集场所防火时最应先抓什么？,最应先抓：重点抓商场、宾馆、医院等场所的特殊防火要求。作答时要围绕疏散设计、装修限制和消防设施强化展开。,核心概念
一级注册消防工程师,消防安全技术实务,高,人员密集场所防火最容易出现的失分点是什么？,最常见失分点是：把不同场所的特殊要求遗漏。应回到规范条文、技术参数和适用条件判断。,易错点
一级注册消防工程师,消防安全技术实务,中,如果题目把人员密集场所防火放进实际工程场景，答案应优先写什么？,应先写人员密集场所防火的规范依据，再写关键技术参数，最后结合重点场所说明。,场景应用
一级注册消防工程师,消防安全技术实务,中,人员密集场所防火与一级消防工程师执业有什么直接关系？,它直接影响消防设计审查、验收评定和隐患整改判断。,执业导向
一级注册消防工程师,消防安全技术实务,高,自动喷水灭火系统中，湿式系统和干式系统的核心区别是什么？,湿式系统管网常充水，适用于环境温度4~70°C场所；干式系统管网充压缩空气或氮气，适用于环境温度低于4°C或高于70°C的场所。,系统辨析
一级注册消防工程师,消防安全技术实务,高,防火分区面积超标时有哪些处理措施？,可设置防火墙、防火卷帘等防火分隔设施，或按规范设置自动灭火系统后面积可增加一倍。,应对策略
一级注册消防工程师,消防安全技术实务,高,建筑高度超过100m的民用建筑有哪些特殊消防要求？,应设避难层、消防电梯、应急照明和疏散指示标志，屋顶应设直升机停机坪或供救助的设施。,超高层
一级注册消防工程师,消防安全技术实务,中,火灾危险性分类中甲、乙类场所的核心判断依据是什么？,主要依据生产或储存物品的闪点、爆炸极限和自燃点等理化性质。,分类依据
一级注册消防工程师,消防安全技术实务,高,消防水池的有效容积如何确定？,应根据火灾延续时间内消防总用水量减去可补充的水量计算，且不应小于规范规定的最小值。,给水计算
一级注册消防工程师,消防安全技术实务,中,为什么技术实务是消防考试的基础科目？,因为综合能力和案例分析都建立在实务知识上，掌握原理和参数才能正确应用。,备考方法
一级注册消防工程师,消防安全技术实务,高,消防应急照明和疏散指示系统的关键设计要求是什么？,应满足最低照度要求、持续时间不少于规定值，疏散指示标志间距和安装高度应符合规范。,疏散照明
一级注册消防工程师,消防安全技术实务,中,防排烟系统设计中最关键的计算参数是什么？,排烟量和送风量的计算是核心，需根据防烟分区面积、空间高度和火灾规模确定。,烟控设计
一级注册消防工程师,消防安全技术实务,高,消防水泵的选型和设置有哪些关键要求？,应满足设计流量和扬程，设置备用泵，采用自灌式吸水或设引水设施，并接入消防电源。,给水设备
一级注册消防工程师,消防安全技术实务,中,建筑外墙保温材料防火的核心要求是什么？,应优先采用A级不燃材料，当采用B1/B2级材料时应设置防火隔离带等防护措施。,外墙保温
一级注册消防工程师,消防安全技术综合能力,高,复习消防法及相关法规时最应先抓什么？,最应先抓：先抓消防法的核心制度：消防监督、火灾预防、灭火救援和法律责任。作答时要围绕主体责任、监管程序和处罚条款展开。,核心概念
一级注册消防工程师,消防安全技术综合能力,高,消防法及相关法规最容易出现的失分点是什么？,最常见失分点是：只背法条不理解适用场景。应回到制度要求、检测标准和操作规程判断。,易错点
一级注册消防工程师,消防安全技术综合能力,中,如果题目考查消防法及相关法规的实际操作，答案应优先写什么？,应先写消防法及相关法规的制度依据或技术标准，再写操作要点，最后结合法规基础说明。,场景应用
一级注册消防工程师,消防安全技术综合能力,中,消防法及相关法规与消防工程师日常执业有什么直接关系？,它直接影响消防安全检查、设施检测和隐患整改的专业判断。,执业导向
一级注册消防工程师,消防安全技术综合能力,高,复习注册消防工程师制度时最应先抓什么？,最应先抓：重点理解注册条件、执业范围、继续教育和法律责任。作答时要从个人资格与单位责任的关系展开。,核心概念
一级注册消防工程师,消防安全技术综合能力,高,注册消防工程师制度最容易出现的失分点是什么？,最常见失分点是：把注册条件和执业范围混淆。应回到制度要求、检测标准和操作规程判断。,易错点
一级注册消防工程师,消防安全技术综合能力,中,如果题目考查注册消防工程师制度的实际操作，答案应优先写什么？,应先写注册消防工程师制度的制度依据或技术标准，再写操作要点，最后结合执业管理说明。,场景应用
一级注册消防工程师,消防安全技术综合能力,中,注册消防工程师制度与消防工程师日常执业有什么直接关系？,它直接影响消防安全检查、设施检测和隐患整改的专业判断。,执业导向
一级注册消防工程师,消防安全技术综合能力,高,复习建筑防火检查时最应先抓什么？,最应先抓：核心在总平面布局、防火分区和安全疏散的合规性检查。作答时要按检查要点和判定标准逐项分析。,核心概念
一级注册消防工程师,消防安全技术综合能力,高,建筑防火检查最容易出现的失分点是什么？,最常见失分点是：检查时遗漏关键指标。应回到制度要求、检测标准和操作规程判断。,易错点
一级注册消防工程师,消防安全技术综合能力,中,如果题目考查建筑防火检查的实际操作，答案应优先写什么？,应先写建筑防火检查的制度依据或技术标准，再写操作要点，最后结合检查实务说明。,场景应用
一级注册消防工程师,消防安全技术综合能力,中,建筑防火检查与消防工程师日常执业有什么直接关系？,它直接影响消防安全检查、设施检测和隐患整改的专业判断。,执业导向
一级注册消防工程师,消防安全技术综合能力,高,复习消防设施检测时最应先抓什么？,最应先抓：要把各类设施的检测方法、周期和合格标准掌握。作答时要围绕检测程序、仪器使用和结果判定展开。,核心概念
一级注册消防工程师,消防安全技术综合能力,高,消防设施检测最容易出现的失分点是什么？,最常见失分点是：忽视检测前的准备工作和安全措施。应回到制度要求、检测标准和操作规程判断。,易错点
一级注册消防工程师,消防安全技术综合能力,中,如果题目考查消防设施检测的实际操作，答案应优先写什么？,应先写消防设施检测的制度依据或技术标准，再写操作要点，最后结合检测技术说明。,场景应用
一级注册消防工程师,消防安全技术综合能力,中,消防设施检测与消防工程师日常执业有什么直接关系？,它直接影响消防安全检查、设施检测和隐患整改的专业判断。,执业导向
一级注册消防工程师,消防安全技术综合能力,高,复习消防设施维护管理时最应先抓什么？,最应先抓：重点抓日常巡查、定期维护和年度检测的内容与周期。作答时要从维保计划、记录管理和故障处理分析。,核心概念
一级注册消防工程师,消防安全技术综合能力,高,消防设施维护管理最容易出现的失分点是什么？,最常见失分点是：把巡查和维保的周期要求记混。应回到制度要求、检测标准和操作规程判断。,易错点
一级注册消防工程师,消防安全技术综合能力,中,如果题目考查消防设施维护管理的实际操作，答案应优先写什么？,应先写消防设施维护管理的制度依据或技术标准，再写操作要点，最后结合维护管理说明。,场景应用
一级注册消防工程师,消防安全技术综合能力,中,消防设施维护管理与消防工程师日常执业有什么直接关系？,它直接影响消防安全检查、设施检测和隐患整改的专业判断。,执业导向
一级注册消防工程师,消防安全技术综合能力,高,复习自动喷水灭火系统检测与维护时最应先抓什么？,最应先抓：核心在末端试水、报警阀试验和喷头检查。作答时要结合系统功能测试和组件状态检查展开。,核心概念
一级注册消防工程师,消防安全技术综合能力,高,自动喷水灭火系统检测与维护最容易出现的失分点是什么？,最常见失分点是：忽视系统联动功能测试。应回到制度要求、检测标准和操作规程判断。,易错点
一级注册消防工程师,消防安全技术综合能力,中,如果题目考查自动喷水灭火系统检测与维护的实际操作，答案应优先写什么？,应先写自动喷水灭火系统检测与维护的制度依据或技术标准，再写操作要点，最后结合设施检维说明。,场景应用
一级注册消防工程师,消防安全技术综合能力,中,自动喷水灭火系统检测与维护与消防工程师日常执业有什么直接关系？,它直接影响消防安全检查、设施检测和隐患整改的专业判断。,执业导向
一级注册消防工程师,消防安全技术综合能力,高,复习火灾自动报警系统检测与维护时最应先抓什么？,最应先抓：要抓探测器清洗、控制器检查和联动测试。作答时要围绕功能测试、误报分析和维护记录展开。,核心概念
一级注册消防工程师,消防安全技术综合能力,高,火灾自动报警系统检测与维护最容易出现的失分点是什么？,最常见失分点是：把不同类型探测器的维护周期混淆。应回到制度要求、检测标准和操作规程判断。,易错点
一级注册消防工程师,消防安全技术综合能力,中,如果题目考查火灾自动报警系统检测与维护的实际操作，答案应优先写什么？,应先写火灾自动报警系统检测与维护的制度依据或技术标准，再写操作要点，最后结合报警维护说明。,场景应用
一级注册消防工程师,消防安全技术综合能力,中,火灾自动报警系统检测与维护与消防工程师日常执业有什么直接关系？,它直接影响消防安全检查、设施检测和隐患整改的专业判断。,执业导向
一级注册消防工程师,消防安全技术综合能力,高,复习防排烟系统检测时最应先抓什么？,最应先抓：重点理解风机测试、风量检测和联动控制验证。作答时要从系统启动、风口开启和性能参数分析。,核心概念
一级注册消防工程师,消防安全技术综合能力,高,防排烟系统检测最容易出现的失分点是什么？,最常见失分点是：忽视送风和排烟系统的分别测试。应回到制度要求、检测标准和操作规程判断。,易错点
一级注册消防工程师,消防安全技术综合能力,中,如果题目考查防排烟系统检测的实际操作，答案应优先写什么？,应先写防排烟系统检测的制度依据或技术标准，再写操作要点，最后结合烟控检测说明。,场景应用
一级注册消防工程师,消防安全技术综合能力,中,防排烟系统检测与消防工程师日常执业有什么直接关系？,它直接影响消防安全检查、设施检测和隐患整改的专业判断。,执业导向
一级注册消防工程师,消防安全技术综合能力,高,复习消火栓系统检测时最应先抓什么？,最应先抓：核心在出水压力测试、管网检查和消防泵联动。作答时要结合最不利点压力和充实水柱要求判断。,核心概念
一级注册消防工程师,消防安全技术综合能力,高,消火栓系统检测最容易出现的失分点是什么？,最常见失分点是：忽视室外消火栓的定期出水试验。应回到制度要求、检测标准和操作规程判断。,易错点
一级注册消防工程师,消防安全技术综合能力,中,如果题目考查消火栓系统检测的实际操作，答案应优先写什么？,应先写消火栓系统检测的制度依据或技术标准，再写操作要点，最后结合给水检测说明。,场景应用
一级注册消防工程师,消防安全技术综合能力,中,消火栓系统检测与消防工程师日常执业有什么直接关系？,它直接影响消防安全检查、设施检测和隐患整改的专业判断。,执业导向
一级注册消防工程师,消防安全技术综合能力,高,复习消防安全管理时最应先抓什么？,最应先抓：要把单位消防安全责任制、消防档案和培训制度联系起来。作答时要围绕责任人制度、四个能力建设和管理记录展开。,核心概念
一级注册消防工程师,消防安全技术综合能力,高,消防安全管理最容易出现的失分点是什么？,最常见失分点是：只谈制度不谈落实措施。应回到制度要求、检测标准和操作规程判断。,易错点
一级注册消防工程师,消防安全技术综合能力,中,如果题目考查消防安全管理的实际操作，答案应优先写什么？,应先写消防安全管理的制度依据或技术标准，再写操作要点，最后结合管理体系说明。,场景应用
一级注册消防工程师,消防安全技术综合能力,中,消防安全管理与消防工程师日常执业有什么直接关系？,它直接影响消防安全检查、设施检测和隐患整改的专业判断。,执业导向
一级注册消防工程师,消防安全技术综合能力,高,复习消防安全评估时最应先抓什么？,最应先抓：重点抓评估方法、程序和报告编制要求。作答时要从定性评估、半定量评估和定量评估方法分析。,核心概念
一级注册消防工程师,消防安全技术综合能力,高,消防安全评估最容易出现的失分点是什么？,最常见失分点是：把不同评估方法的适用范围混淆。应回到制度要求、检测标准和操作规程判断。,易错点
一级注册消防工程师,消防安全技术综合能力,中,如果题目考查消防安全评估的实际操作，答案应优先写什么？,应先写消防安全评估的制度依据或技术标准，再写操作要点，最后结合评估方法说明。,场景应用
一级注册消防工程师,消防安全技术综合能力,中,消防安全评估与消防工程师日常执业有什么直接关系？,它直接影响消防安全检查、设施检测和隐患整改的专业判断。,执业导向
一级注册消防工程师,消防安全技术综合能力,高,复习火灾风险识别时最应先抓什么？,最应先抓：核心在危险源辨识、风险分析和风险控制。作答时要结合场所特点、火灾荷载和人员密度展开。,核心概念
一级注册消防工程师,消防安全技术综合能力,高,火灾风险识别最容易出现的失分点是什么？,最常见失分点是：忽视动态风险因素的分析。应回到制度要求、检测标准和操作规程判断。,易错点
一级注册消防工程师,消防安全技术综合能力,中,如果题目考查火灾风险识别的实际操作，答案应优先写什么？,应先写火灾风险识别的制度依据或技术标准，再写操作要点，最后结合风险管理说明。,场景应用
一级注册消防工程师,消防安全技术综合能力,中,火灾风险识别与消防工程师日常执业有什么直接关系？,它直接影响消防安全检查、设施检测和隐患整改的专业判断。,执业导向
一级注册消防工程师,消防安全技术综合能力,高,复习应急预案编制时最应先抓什么？,最应先抓：要把预案体系、编制流程和演练要求掌握。作答时要围绕综合预案、专项预案和现场处置方案展开。,核心概念
一级注册消防工程师,消防安全技术综合能力,高,应急预案编制最容易出现的失分点是什么？,最常见失分点是：只写预案不做演练评估。应回到制度要求、检测标准和操作规程判断。,易错点
一级注册消防工程师,消防安全技术综合能力,中,如果题目考查应急预案编制的实际操作，答案应优先写什么？,应先写应急预案编制的制度依据或技术标准，再写操作要点，最后结合应急管理说明。,场景应用
一级注册消防工程师,消防安全技术综合能力,中,应急预案编制与消防工程师日常执业有什么直接关系？,它直接影响消防安全检查、设施检测和隐患整改的专业判断。,执业导向
一级注册消防工程师,消防安全技术综合能力,高,复习消防安全培训时最应先抓什么？,最应先抓：重点抓培训对象、内容、频次和考核要求。作答时要从岗前培训、定期培训和特殊人员培训分析。,核心概念
一级注册消防工程师,消防安全技术综合能力,高,消防安全培训最容易出现的失分点是什么？,最常见失分点是：忽视培训效果评估和档案管理。应回到制度要求、检测标准和操作规程判断。,易错点
一级注册消防工程师,消防安全技术综合能力,中,如果题目考查消防安全培训的实际操作，答案应优先写什么？,应先写消防安全培训的制度依据或技术标准，再写操作要点，最后结合培训制度说明。,场景应用
一级注册消防工程师,消防安全技术综合能力,中,消防安全培训与消防工程师日常执业有什么直接关系？,它直接影响消防安全检查、设施检测和隐患整改的专业判断。,执业导向
一级注册消防工程师,消防安全技术综合能力,高,复习建筑消防设施验收时最应先抓什么？,最应先抓：核心在验收程序、检测内容和合格判定标准。作答时要结合消防设施功能性测试和联动逻辑验证展开。,核心概念
一级注册消防工程师,消防安全技术综合能力,高,建筑消防设施验收最容易出现的失分点是什么？,最常见失分点是：把验收标准和日常检测标准混淆。应回到制度要求、检测标准和操作规程判断。,易错点
一级注册消防工程师,消防安全技术综合能力,中,如果题目考查建筑消防设施验收的实际操作，答案应优先写什么？,应先写建筑消防设施验收的制度依据或技术标准，再写操作要点，最后结合工程验收说明。,场景应用
一级注册消防工程师,消防安全技术综合能力,中,建筑消防设施验收与消防工程师日常执业有什么直接关系？,它直接影响消防安全检查、设施检测和隐患整改的专业判断。,执业导向
一级注册消防工程师,消防安全技术综合能力,高,复习灭火器检查与维修时最应先抓什么？,最应先抓：要把检查项目、报废标准和维修要求联系起来。作答时要围绕外观检查、压力检测和定期维修展开。,核心概念
一级注册消防工程师,消防安全技术综合能力,高,灭火器检查与维修最容易出现的失分点是什么？,最常见失分点是：忽视灭火器的报废年限规定。应回到制度要求、检测标准和操作规程判断。,易错点
一级注册消防工程师,消防安全技术综合能力,中,如果题目考查灭火器检查与维修的实际操作，答案应优先写什么？,应先写灭火器检查与维修的制度依据或技术标准，再写操作要点，最后结合器材管理说明。,场景应用
一级注册消防工程师,消防安全技术综合能力,中,灭火器检查与维修与消防工程师日常执业有什么直接关系？,它直接影响消防安全检查、设施检测和隐患整改的专业判断。,执业导向
一级注册消防工程师,消防安全技术综合能力,高,单位消防安全四个能力建设指什么？,检查消除火灾隐患能力、组织扑救初起火灾能力、组织人员疏散逃生能力、消防宣传教育培训能力。,管理要求
一级注册消防工程师,消防安全技术综合能力,高,消防安全重点单位的界定标准和主要管理要求是什么？,按人员密集、火灾危险性大或发生火灾可能造成重大损失等条件界定，须确定消防安全管理人、建立消防档案、制定灭火和应急疏散预案。,重点单位
一级注册消防工程师,消防安全技术综合能力,高,消防设施年度功能检测的核心要求是什么？,每年至少进行一次全面检测，检测内容应涵盖所有消防设施，由具有资质的消防技术服务机构实施。,年度检测
一级注册消防工程师,消防安全技术综合能力,中,为什么综合能力科目强调检查发现问题？,因为消防工程师的核心价值在于通过专业检查识别隐患、提出整改，而不是仅掌握理论。,执业定位
一级注册消防工程师,消防安全技术综合能力,中,消防技术服务机构的资质管理有哪些关键要求？,须取得相应资质，配备注册消防工程师，遵守服务标准，对出具的技术服务文件负法律责任。,机构管理
一级注册消防工程师,消防安全技术综合能力,高,消防验收和备案抽查的主要区别是什么？,特殊建设工程实行消防验收，其他工程实行备案抽查。验收不合格不得投入使用，抽查不合格应整改。,验收制度
一级注册消防工程师,消防安全技术综合能力,中,临时消防设施的设置要求是什么？,施工现场应根据施工进度同步设置临时消防车道、消防水源、灭火器材和应急照明。,施工消防
一级注册消防工程师,消防安全技术综合能力,高,建筑消防设施的远程监控要求是什么？,设有自动消防设施的重点单位应将监控信息实时传至消防远程监控中心，确保联网率和在线率。,智慧消防
一级注册消防工程师,消防安全技术综合能力,中,消防设施操作员与注册消防工程师的执业区别是什么？,操作员负责设施的值班监控和操作维护，注册工程师负责技术服务、检测评估和项目管理。,人员资质
一级注册消防工程师,消防安全技术综合能力,中,如何正确记录消防设施巡查和维护档案？,应按时记录巡查情况、故障报修、维修记录和检测报告，确保信息完整可追溯。,档案管理
一级注册消防工程师,消防安全案例分析,高,案例题遇到大型商业综合体案例时最应先抓什么？,最应先抓：先抓防火分区划分、疏散设计和消防设施配置的合规性。作答时要按建筑定性、功能分区和人员密度综合分析。,核心概念
一级注册消防工程师,消防安全案例分析,高,大型商业综合体案例案例题最容易出现的失分点是什么？,最常见失分点是：忽视不同功能区的差异化要求。应回到规范要求、场景条件和综合分析判断。,易错点
一级注册消防工程师,消防安全案例分析,中,如果题目考查大型商业综合体案例，答案应优先写什么？,应先写大型商业综合体案例的任务目标和适用规范，再写关键分析要点，最后结合建筑案例说明。,场景应用
一级注册消防工程师,消防安全案例分析,中,大型商业综合体案例与消防工程师案例得分有什么直接关系？,它直接影响答案是否完整、逻辑是否清晰以及是否体现专业执业能力。,执业导向
一级注册消防工程师,消防安全案例分析,高,案例题遇到高层住宅建筑案例时最应先抓什么？,最应先抓：核心在疏散楼梯设置、消防设施选型和管理责任。作答时要结合建筑高度分类、户型布局和规范要求展开。,核心概念
一级注册消防工程师,消防安全案例分析,高,高层住宅建筑案例案例题最容易出现的失分点是什么？,最常见失分点是：把高层和超高层的要求混淆。应回到规范要求、场景条件和综合分析判断。,易错点
一级注册消防工程师,消防安全案例分析,中,如果题目考查高层住宅建筑案例，答案应优先写什么？,应先写高层住宅建筑案例的任务目标和适用规范，再写关键分析要点，最后结合住宅消防说明。,场景应用
一级注册消防工程师,消防安全案例分析,中,高层住宅建筑案例与消防工程师案例得分有什么直接关系？,它直接影响答案是否完整、逻辑是否清晰以及是否体现专业执业能力。,执业导向
一级注册消防工程师,消防安全案例分析,高,案例题遇到地下建筑案例时最应先抓什么？,最应先抓：重点抓防火分区、防排烟和安全疏散的特殊要求。作答时要从空间封闭性、烟气控制和人员疏散难度分析。,核心概念
一级注册消防工程师,消防安全案例分析,高,地下建筑案例案例题最容易出现的失分点是什么？,最常见失分点是：套用地上建筑的标准。应回到规范要求、场景条件和综合分析判断。,易错点
一级注册消防工程师,消防安全案例分析,中,如果题目考查地下建筑案例，答案应优先写什么？,应先写地下建筑案例的任务目标和适用规范，再写关键分析要点，最后结合地下空间说明。,场景应用
一级注册消防工程师,消防安全案例分析,中,地下建筑案例与消防工程师案例得分有什么直接关系？,它直接影响答案是否完整、逻辑是否清晰以及是否体现专业执业能力。,执业导向
一级注册消防工程师,消防安全案例分析,高,案例题遇到工业厂房案例时最应先抓什么？,最应先抓：要把火灾危险性分类、防火间距和消防设施配套联系起来。作答时要围绕生产工艺、物料特性和灭火系统选择展开。,核心概念
一级注册消防工程师,消防安全案例分析,高,工业厂房案例案例题最容易出现的失分点是什么？,最常见失分点是：忽视工艺过程中的动态火灾风险。应回到规范要求、场景条件和综合分析判断。,易错点
一级注册消防工程师,消防安全案例分析,中,如果题目考查工业厂房案例，答案应优先写什么？,应先写工业厂房案例的任务目标和适用规范，再写关键分析要点，最后结合工业案例说明。,场景应用
一级注册消防工程师,消防安全案例分析,中,工业厂房案例与消防工程师案例得分有什么直接关系？,它直接影响答案是否完整、逻辑是否清晰以及是否体现专业执业能力。,执业导向
一级注册消防工程师,消防安全案例分析,高,案例题遇到石化企业案例时最应先抓什么？,最应先抓：核心在总平面布局、防火防爆和消防给水设计。作答时要从危险区域划分、灭火系统选型和应急处置分析。,核心概念
一级注册消防工程师,消防安全案例分析,高,石化企业案例案例题最容易出现的失分点是什么？,最常见失分点是：把石化场所与一般工业混为一谈。应回到规范要求、场景条件和综合分析判断。,易错点
一级注册消防工程师,消防安全案例分析,中,如果题目考查石化企业案例，答案应优先写什么？,应先写石化企业案例的任务目标和适用规范，再写关键分析要点，最后结合高危案例说明。,场景应用
一级注册消防工程师,消防安全案例分析,中,石化企业案例与消防工程师案例得分有什么直接关系？,它直接影响答案是否完整、逻辑是否清晰以及是否体现专业执业能力。,执业导向
一级注册消防工程师,消防安全案例分析,高,案例题遇到宾馆酒店案例时最应先抓什么？,最应先抓：重点抓客房疏散、自动灭火和报警系统配置。作答时要结合人员流动特点、建筑布局和管理制度展开。,核心概念
一级注册消防工程师,消防安全案例分析,高,宾馆酒店案例案例题最容易出现的失分点是什么？,最常见失分点是：忽视夜间火灾疏散的特殊困难。应回到规范要求、场景条件和综合分析判断。,易错点
一级注册消防工程师,消防安全案例分析,中,如果题目考查宾馆酒店案例，答案应优先写什么？,应先写宾馆酒店案例的任务目标和适用规范，再写关键分析要点，最后结合人密场所说明。,场景应用
一级注册消防工程师,消防安全案例分析,中,宾馆酒店案例与消防工程师案例得分有什么直接关系？,它直接影响答案是否完整、逻辑是否清晰以及是否体现专业执业能力。,执业导向
一级注册消防工程师,消防安全案例分析,高,案例题遇到医院建筑案例时最应先抓什么？,最应先抓：要把患者疏散能力限制、功能分区和设施配置联系起来。作答时要围绕行动不便人员疏散和特殊用房防火分析。,核心概念
一级注册消防工程师,消防安全案例分析,高,医院建筑案例案例题最容易出现的失分点是什么？,最常见失分点是：按一般公共建筑处理医院防火。应回到规范要求、场景条件和综合分析判断。,易错点
一级注册消防工程师,消防安全案例分析,中,如果题目考查医院建筑案例，答案应优先写什么？,应先写医院建筑案例的任务目标和适用规范，再写关键分析要点，最后结合特殊场所说明。,场景应用
一级注册消防工程师,消防安全案例分析,中,医院建筑案例与消防工程师案例得分有什么直接关系？,它直接影响答案是否完整、逻辑是否清晰以及是否体现专业执业能力。,执业导向
一级注册消防工程师,消防安全案例分析,高,案例题遇到学校幼儿园案例时最应先抓什么？,最应先抓：核心在疏散设计适龄化、装修材料限制和管理制度。作答时要从人员特点、建筑条件和疏散组织能力分析。,核心概念
一级注册消防工程师,消防安全案例分析,高,学校幼儿园案例案例题最容易出现的失分点是什么？,最常见失分点是：忽视低龄人群的疏散行为特点。应回到规范要求、场景条件和综合分析判断。,易错点
一级注册消防工程师,消防安全案例分析,中,如果题目考查学校幼儿园案例，答案应优先写什么？,应先写学校幼儿园案例的任务目标和适用规范，再写关键分析要点，最后结合教育场所说明。,场景应用
一级注册消防工程师,消防安全案例分析,中,学校幼儿园案例与消防工程师案例得分有什么直接关系？,它直接影响答案是否完整、逻辑是否清晰以及是否体现专业执业能力。,执业导向
一级注册消防工程师,消防安全案例分析,高,案例题遇到古建筑防火案例时最应先抓什么？,最应先抓：重点抓可燃构件保护、电气防火和灭火剂适配。作答时要结合建筑文物价值、结构特点和保护要求展开。,核心概念
一级注册消防工程师,消防安全案例分析,高,古建筑防火案例案例题最容易出现的失分点是什么？,最常见失分点是：用现代建筑标准机械套用。应回到规范要求、场景条件和综合分析判断。,易错点
一级注册消防工程师,消防安全案例分析,中,如果题目考查古建筑防火案例，答案应优先写什么？,应先写古建筑防火案例的任务目标和适用规范，再写关键分析要点，最后结合文物保护说明。,场景应用
一级注册消防工程师,消防安全案例分析,中,古建筑防火案例与消防工程师案例得分有什么直接关系？,它直接影响答案是否完整、逻辑是否清晰以及是否体现专业执业能力。,执业导向
一级注册消防工程师,消防安全案例分析,高,案例题遇到大型活动消防安保案例时最应先抓什么？,最应先抓：要把临时场地布置、疏散预案和消防保障联系起来。作答时要围绕人员密度、通道设置和应急响应展开。,核心概念
一级注册消防工程师,消防安全案例分析,高,大型活动消防安保案例案例题最容易出现的失分点是什么？,最常见失分点是：忽视活动期间的动态风险变化。应回到规范要求、场景条件和综合分析判断。,易错点
一级注册消防工程师,消防安全案例分析,中,如果题目考查大型活动消防安保案例，答案应优先写什么？,应先写大型活动消防安保案例的任务目标和适用规范，再写关键分析要点，最后结合活动安保说明。,场景应用
一级注册消防工程师,消防安全案例分析,中,大型活动消防安保案例与消防工程师案例得分有什么直接关系？,它直接影响答案是否完整、逻辑是否清晰以及是否体现专业执业能力。,执业导向
一级注册消防工程师,消防安全案例分析,高,案例题遇到消防设施故障分析案例时最应先抓什么？,最应先抓：核心在故障现象判断、原因分析和修复方案。作答时要按系统运行状态、报警信息和检测数据分析。,核心概念
一级注册消防工程师,消防安全案例分析,高,消防设施故障分析案例案例题最容易出现的失分点是什么？,最常见失分点是：只描述现象不分析根本原因。应回到规范要求、场景条件和综合分析判断。,易错点
一级注册消防工程师,消防安全案例分析,中,如果题目考查消防设施故障分析案例，答案应优先写什么？,应先写消防设施故障分析案例的任务目标和适用规范，再写关键分析要点，最后结合故障诊断说明。,场景应用
一级注册消防工程师,消防安全案例分析,中,消防设施故障分析案例与消防工程师案例得分有什么直接关系？,它直接影响答案是否完整、逻辑是否清晰以及是否体现专业执业能力。,执业导向
一级注册消防工程师,消防安全案例分析,高,案例题遇到火灾事故调查案例时最应先抓什么？,最应先抓：重点抓起火原因分析、蔓延原因和责任认定。作答时要从物证分析、证人调查和技术鉴定展开。,核心概念
一级注册消防工程师,消防安全案例分析,高,火灾事故调查案例案例题最容易出现的失分点是什么？,最常见失分点是：把火灾原因和蔓延原因混淆。应回到规范要求、场景条件和综合分析判断。,易错点
一级注册消防工程师,消防安全案例分析,中,如果题目考查火灾事故调查案例，答案应优先写什么？,应先写火灾事故调查案例的任务目标和适用规范，再写关键分析要点，最后结合事故调查说明。,场景应用
一级注册消防工程师,消防安全案例分析,中,火灾事故调查案例与消防工程师案例得分有什么直接关系？,它直接影响答案是否完整、逻辑是否清晰以及是否体现专业执业能力。,执业导向
一级注册消防工程师,消防安全案例分析,高,案例题遇到消防安全管理案例时最应先抓什么？,最应先抓：要把制度建设、日常管理和应急处置统一分析。作答时要围绕管理漏洞、整改措施和责任追究展开。,核心概念
一级注册消防工程师,消防安全案例分析,高,消防安全管理案例案例题最容易出现的失分点是什么？,最常见失分点是：只谈管理问题不提改进方案。应回到规范要求、场景条件和综合分析判断。,易错点
一级注册消防工程师,消防安全案例分析,中,如果题目考查消防安全管理案例，答案应优先写什么？,应先写消防安全管理案例的任务目标和适用规范，再写关键分析要点，最后结合管理分析说明。,场景应用
一级注册消防工程师,消防安全案例分析,中,消防安全管理案例与消防工程师案例得分有什么直接关系？,它直接影响答案是否完整、逻辑是否清晰以及是否体现专业执业能力。,执业导向
一级注册消防工程师,消防安全案例分析,高,案例题遇到消防设施联动控制案例时最应先抓什么？,最应先抓：核心在联动逻辑关系、信号传递和动作反馈。作答时要从触发信号、联动设备和反馈确认逐步分析。,核心概念
一级注册消防工程师,消防安全案例分析,高,消防设施联动控制案例案例题最容易出现的失分点是什么？,最常见失分点是：忽视联动控制的时序和优先级。应回到规范要求、场景条件和综合分析判断。,易错点
一级注册消防工程师,消防安全案例分析,中,如果题目考查消防设施联动控制案例，答案应优先写什么？,应先写消防设施联动控制案例的任务目标和适用规范，再写关键分析要点，最后结合系统联动说明。,场景应用
一级注册消防工程师,消防安全案例分析,中,消防设施联动控制案例与消防工程师案例得分有什么直接关系？,它直接影响答案是否完整、逻辑是否清晰以及是否体现专业执业能力。,执业导向
一级注册消防工程师,消防安全案例分析,高,案例题遇到性能化防火设计案例时最应先抓什么？,最应先抓：重点抓设计火灾场景、人员疏散模拟和消防措施评估。作答时要结合计算分析、安全指标和专家评审展开。,核心概念
一级注册消防工程师,消防安全案例分析,高,性能化防火设计案例案例题最容易出现的失分点是什么？,最常见失分点是：把性能化设计等同于降低标准。应回到规范要求、场景条件和综合分析判断。,易错点
一级注册消防工程师,消防安全案例分析,中,如果题目考查性能化防火设计案例，答案应优先写什么？,应先写性能化防火设计案例的任务目标和适用规范，再写关键分析要点，最后结合先进方法说明。,场景应用
一级注册消防工程师,消防安全案例分析,中,性能化防火设计案例与消防工程师案例得分有什么直接关系？,它直接影响答案是否完整、逻辑是否清晰以及是否体现专业执业能力。,执业导向
一级注册消防工程师,消防安全案例分析,高,案例分析答题的标准结构是什么？,按审题定位→识别问题→引用规范→分析判断→提出措施→总结建议六步展开最稳。,答题模板
一级注册消防工程师,消防安全案例分析,高,为什么案例分析最容易丢分？,因为需要综合运用实务和综合能力知识，答题必须有条理、有依据、有结论，缺一不可。,命题特点
一级注册消防工程师,消防安全案例分析,中,案例题审题第一步应该做什么？,先通读全题，划出建筑类型、使用功能、建筑高度、消防设施等关键信息，再逐问作答。,审题技巧
一级注册消防工程师,消防安全案例分析,高,案例题中如何引用规范条文得高分？,不需要背条文号，但要准确表述规范要求的关键数据和判定条件。,得分技巧
一级注册消防工程师,消防安全案例分析,中,为什么案例题经常把技术和管理放在一起考？,因为实际消防工作中技术问题和管理漏洞往往相互关联，综合分析才能找到根本对策。,命题逻辑
一级注册消防工程师,消防安全案例分析,高,案例题遇到不确定的场景怎么办？,先按最严格的规范要求作答，再结合题目给出的具体条件进行适当调整。,应试策略
一级注册消防工程师,消防安全案例分析,中,如何在案例题中体现消防工程师的专业视角？,要从消防设计审查、验收评定、隐患排查和整改建议等角度分析，而不是简单描述问题。,执业视角
一级注册消防工程师,消防安全案例分析,高,面对资料很多的案例题时如何快速定位得分点？,先按题目分问筛选相关资料，再围绕每个问题的核心要求组织答案。,应试技巧
一级注册消防工程师,消防安全案例分析,中,案例题结尾为什么要写整改建议？,因为消防工程师不仅要发现问题，还要能提出切实可行的解决方案和预防措施。,执业要求
一级注册消防工程师,消防安全案例分析,高,为什么防火分区和安全疏散几乎每年必考？,因为这两个内容是消防安全的核心，涉及建筑定性、参数计算和规范应用，覆盖面最广。,高频考点
一级注册消防工程师,消防安全案例分析,中,案例复习的最佳策略是什么？,按建筑类型归纳常见问题和标准答法，建立案例模板库，反复练习历年真题。,复习方法
一级注册消防工程师,消防安全案例分析,高,消防设施联动逻辑分析题如何避免失分？,必须写清触发条件→联动信号→设备动作→反馈确认的完整链条，不能只写结论。,联动分析
