考试类型,科目,重要程度,问题,答案,备注
注册测绘师,测绘综合能力,高,复习“大地测量基准”时最应先抓什么？,最应先抓：先把坐标基准、高程基准和重力基准的作用分清。作答时要围绕基准统一、成果兼容和坐标转换展开。,核心概念
注册测绘师,测绘综合能力,高,“大地测量基准”最容易出现的失分点是什么？,最常见失分点是：只背名词不理解控制意义。应回到概念边界、技术要求和适用场景判断。,易错点
注册测绘师,测绘综合能力,中,如果题目把“大地测量基准”放进测绘场景，答案应优先写什么？,应先写大地测量基准解决什么问题，再写关键技术点，最后结合基准体系说明。,场景应用
注册测绘师,测绘综合能力,中,“大地测量基准”与注册测绘师实务能力有什么直接关系？,它直接影响测绘方案设计、成果精度控制和技术问题判断。,执业导向
注册测绘师,测绘综合能力,中,作答“大地测量基准”时怎样体现测绘专业思维？,要写清技术依据、作业流程、质量控制和成果用途，而不是只背定义。,方法表达
注册测绘师,测绘综合能力,高,复习“国家控制网”时最应先抓什么？,最应先抓：重点抓平面控制网与高程控制网的层级布设逻辑。作答时要围绕从精度、覆盖范围和服务对象分析展开。,核心概念
注册测绘师,测绘综合能力,高,“国家控制网”最容易出现的失分点是什么？,最常见失分点是：把控制网层级和用途写混。应回到概念边界、技术要求和适用场景判断。,易错点
注册测绘师,测绘综合能力,中,如果题目把“国家控制网”放进测绘场景，答案应优先写什么？,应先写国家控制网解决什么问题，再写关键技术点，最后结合控制体系说明。,场景应用
注册测绘师,测绘综合能力,中,“国家控制网”与注册测绘师实务能力有什么直接关系？,它直接影响测绘方案设计、成果精度控制和技术问题判断。,执业导向
注册测绘师,测绘综合能力,中,作答“国家控制网”时怎样体现测绘专业思维？,要写清技术依据、作业流程、质量控制和成果用途，而不是只背定义。,方法表达
注册测绘师,测绘综合能力,高,复习“坐标系统”时最应先抓什么？,最应先抓：要理解地心坐标、空间直角坐标与大地坐标之间的关系。作答时要围绕先写定义，再写转换与应用场景展开。,核心概念
注册测绘师,测绘综合能力,高,“坐标系统”最容易出现的失分点是什么？,最常见失分点是：只记公式不知坐标含义。应回到概念边界、技术要求和适用场景判断。,易错点
注册测绘师,测绘综合能力,中,如果题目把“坐标系统”放进测绘场景，答案应优先写什么？,应先写坐标系统解决什么问题，再写关键技术点，最后结合坐标转换说明。,场景应用
注册测绘师,测绘综合能力,中,“坐标系统”与注册测绘师实务能力有什么直接关系？,它直接影响测绘方案设计、成果精度控制和技术问题判断。,执业导向
注册测绘师,测绘综合能力,中,作答“坐标系统”时怎样体现测绘专业思维？,要写清技术依据、作业流程、质量控制和成果用途，而不是只背定义。,方法表达
注册测绘师,测绘综合能力,高,复习“地图投影”时最应先抓什么？,最应先抓：核心是变形规律、投影选择和测图适配性。作答时要围绕从投影目的、变形特征和比例尺适用性作答展开。,核心概念
注册测绘师,测绘综合能力,高,“地图投影”最容易出现的失分点是什么？,最常见失分点是：把投影名称和特点记反。应回到概念边界、技术要求和适用场景判断。,易错点
注册测绘师,测绘综合能力,中,如果题目把“地图投影”放进测绘场景，答案应优先写什么？,应先写地图投影解决什么问题，再写关键技术点，最后结合制图基础说明。,场景应用
注册测绘师,测绘综合能力,中,“地图投影”与注册测绘师实务能力有什么直接关系？,它直接影响测绘方案设计、成果精度控制和技术问题判断。,执业导向
注册测绘师,测绘综合能力,中,作答“地图投影”时怎样体现测绘专业思维？,要写清技术依据、作业流程、质量控制和成果用途，而不是只背定义。,方法表达
注册测绘师,测绘综合能力,高,复习“比例尺”时最应先抓什么？,最应先抓：要把比例尺大小与表示精度、内容取舍联系起来。作答时要围绕从测图精度、地物表达和用途判断展开。,核心概念
注册测绘师,测绘综合能力,高,“比例尺”最容易出现的失分点是什么？,最常见失分点是：把大比例尺和小比例尺概念写反。应回到概念边界、技术要求和适用场景判断。,易错点
注册测绘师,测绘综合能力,中,如果题目把“比例尺”放进测绘场景，答案应优先写什么？,应先写比例尺解决什么问题，再写关键技术点，最后结合地图表达说明。,场景应用
注册测绘师,测绘综合能力,中,“比例尺”与注册测绘师实务能力有什么直接关系？,它直接影响测绘方案设计、成果精度控制和技术问题判断。,执业导向
注册测绘师,测绘综合能力,中,作答“比例尺”时怎样体现测绘专业思维？,要写清技术依据、作业流程、质量控制和成果用途，而不是只背定义。,方法表达
注册测绘师,测绘综合能力,高,复习“误差理论”时最应先抓什么？,最应先抓：重点区分系统误差、偶然误差和粗差。作答时要围绕结合产生原因、发现方式和处理方法答题展开。,核心概念
注册测绘师,测绘综合能力,高,“误差理论”最容易出现的失分点是什么？,最常见失分点是：把误差分类混为一谈。应回到概念边界、技术要求和适用场景判断。,易错点
注册测绘师,测绘综合能力,中,如果题目把“误差理论”放进测绘场景，答案应优先写什么？,应先写误差理论解决什么问题，再写关键技术点，最后结合计算基础说明。,场景应用
注册测绘师,测绘综合能力,中,“误差理论”与注册测绘师实务能力有什么直接关系？,它直接影响测绘方案设计、成果精度控制和技术问题判断。,执业导向
注册测绘师,测绘综合能力,中,作答“误差理论”时怎样体现测绘专业思维？,要写清技术依据、作业流程、质量控制和成果用途，而不是只背定义。,方法表达
注册测绘师,测绘综合能力,高,复习“平差原理”时最应先抓什么？,最应先抓：平差的核心是基于观测值权重求最可靠结果。作答时要围绕先写条件平差或间接平差思路，再写成果评价展开。,核心概念
注册测绘师,测绘综合能力,高,“平差原理”最容易出现的失分点是什么？,最常见失分点是：只会套算不解释平差意义。应回到概念边界、技术要求和适用场景判断。,易错点
注册测绘师,测绘综合能力,中,如果题目把“平差原理”放进测绘场景，答案应优先写什么？,应先写平差原理解决什么问题，再写关键技术点，最后结合数据处理说明。,场景应用
注册测绘师,测绘综合能力,中,“平差原理”与注册测绘师实务能力有什么直接关系？,它直接影响测绘方案设计、成果精度控制和技术问题判断。,执业导向
注册测绘师,测绘综合能力,中,作答“平差原理”时怎样体现测绘专业思维？,要写清技术依据、作业流程、质量控制和成果用途，而不是只背定义。,方法表达
注册测绘师,测绘综合能力,高,复习“精度评定”时最应先抓什么？,最应先抓：要把中误差、限差和精度指标之间的关系理顺。作答时要围绕从观测质量、成果质量和允许偏差展开展开。,核心概念
注册测绘师,测绘综合能力,高,“精度评定”最容易出现的失分点是什么？,最常见失分点是：把精度评定写成一般误差描述。应回到概念边界、技术要求和适用场景判断。,易错点
注册测绘师,测绘综合能力,中,如果题目把“精度评定”放进测绘场景，答案应优先写什么？,应先写精度评定解决什么问题，再写关键技术点，最后结合质量控制说明。,场景应用
注册测绘师,测绘综合能力,中,“精度评定”与注册测绘师实务能力有什么直接关系？,它直接影响测绘方案设计、成果精度控制和技术问题判断。,执业导向
注册测绘师,测绘综合能力,中,作答“精度评定”时怎样体现测绘专业思维？,要写清技术依据、作业流程、质量控制和成果用途，而不是只背定义。,方法表达
注册测绘师,测绘综合能力,高,复习“GNSS测量原理”时最应先抓什么？,最应先抓：核心在卫星定位观测量、解算逻辑和误差来源。作答时要围绕答题时写观测、解算、改正和成果输出展开。,核心概念
注册测绘师,测绘综合能力,高,“GNSS测量原理”最容易出现的失分点是什么？,最常见失分点是：只记缩写不懂定位机制。应回到概念边界、技术要求和适用场景判断。,易错点
注册测绘师,测绘综合能力,中,如果题目把“GNSS测量原理”放进测绘场景，答案应优先写什么？,应先写GNSS测量原理解决什么问题，再写关键技术点，最后结合卫星定位说明。,场景应用
注册测绘师,测绘综合能力,中,“GNSS测量原理”与注册测绘师实务能力有什么直接关系？,它直接影响测绘方案设计、成果精度控制和技术问题判断。,执业导向
注册测绘师,测绘综合能力,中,作答“GNSS测量原理”时怎样体现测绘专业思维？,要写清技术依据、作业流程、质量控制和成果用途，而不是只背定义。,方法表达
注册测绘师,测绘综合能力,高,复习“GNSS误差来源”时最应先抓什么？,最应先抓：重点抓电离层、对流层、卫星钟差和多路径等因素。作答时要围绕区分误差性质与削弱方法展开。,核心概念
注册测绘师,测绘综合能力,高,“GNSS误差来源”最容易出现的失分点是什么？,最常见失分点是：把环境误差和仪器误差混淆。应回到概念边界、技术要求和适用场景判断。,易错点
注册测绘师,测绘综合能力,中,如果题目把“GNSS误差来源”放进测绘场景，答案应优先写什么？,应先写GNSS误差来源解决什么问题，再写关键技术点，最后结合高频考点说明。,场景应用
注册测绘师,测绘综合能力,中,“GNSS误差来源”与注册测绘师实务能力有什么直接关系？,它直接影响测绘方案设计、成果精度控制和技术问题判断。,执业导向
注册测绘师,测绘综合能力,中,作答“GNSS误差来源”时怎样体现测绘专业思维？,要写清技术依据、作业流程、质量控制和成果用途，而不是只背定义。,方法表达
注册测绘师,测绘综合能力,高,复习“导线测量”时最应先抓什么？,最应先抓：重点理解布设形式、闭合条件和角度距离观测要求。作答时要围绕围绕布设、观测、闭合差和调整展开展开。,核心概念
注册测绘师,测绘综合能力,高,“导线测量”最容易出现的失分点是什么？,最常见失分点是：只记步骤不看适用条件。应回到概念边界、技术要求和适用场景判断。,易错点
注册测绘师,测绘综合能力,中,如果题目把“导线测量”放进测绘场景，答案应优先写什么？,应先写导线测量解决什么问题，再写关键技术点，最后结合工程测量说明。,场景应用
注册测绘师,测绘综合能力,中,“导线测量”与注册测绘师实务能力有什么直接关系？,它直接影响测绘方案设计、成果精度控制和技术问题判断。,执业导向
注册测绘师,测绘综合能力,中,作答“导线测量”时怎样体现测绘专业思维？,要写清技术依据、作业流程、质量控制和成果用途，而不是只背定义。,方法表达
注册测绘师,测绘综合能力,高,复习“水准测量”时最应先抓什么？,最应先抓：要抓高程传递、路线布设和闭合差检核。作答时要围绕从观测要求、记录计算和误差控制作答展开。,核心概念
注册测绘师,测绘综合能力,高,“水准测量”最容易出现的失分点是什么？,最常见失分点是：忽视前后视距离平衡。应回到概念边界、技术要求和适用场景判断。,易错点
注册测绘师,测绘综合能力,中,如果题目把“水准测量”放进测绘场景，答案应优先写什么？,应先写水准测量解决什么问题，再写关键技术点，最后结合高程测量说明。,场景应用
注册测绘师,测绘综合能力,中,“水准测量”与注册测绘师实务能力有什么直接关系？,它直接影响测绘方案设计、成果精度控制和技术问题判断。,执业导向
注册测绘师,测绘综合能力,中,作答“水准测量”时怎样体现测绘专业思维？,要写清技术依据、作业流程、质量控制和成果用途，而不是只背定义。,方法表达
注册测绘师,测绘综合能力,高,复习“地形测图”时最应先抓什么？,最应先抓：核心在外业采集、内业成图和地物地貌表达。作答时要围绕结合控制基础、碎部测量和图面整饰分析展开。,核心概念
注册测绘师,测绘综合能力,高,“地形测图”最容易出现的失分点是什么？,最常见失分点是：把测图流程写散。应回到概念边界、技术要求和适用场景判断。,易错点
注册测绘师,测绘综合能力,中,如果题目把“地形测图”放进测绘场景，答案应优先写什么？,应先写地形测图解决什么问题，再写关键技术点，最后结合测图流程说明。,场景应用
注册测绘师,测绘综合能力,中,“地形测图”与注册测绘师实务能力有什么直接关系？,它直接影响测绘方案设计、成果精度控制和技术问题判断。,执业导向
注册测绘师,测绘综合能力,中,作答“地形测图”时怎样体现测绘专业思维？,要写清技术依据、作业流程、质量控制和成果用途，而不是只背定义。,方法表达
注册测绘师,测绘综合能力,高,复习“工程施工测量”时最应先抓什么？,最应先抓：要理解放样、复测、变形观测等任务差异。作答时要围绕先写任务目标，再写精度和实施控制展开。,核心概念
注册测绘师,测绘综合能力,高,“工程施工测量”最容易出现的失分点是什么？,最常见失分点是：把施工测量等同于一般测图。应回到概念边界、技术要求和适用场景判断。,易错点
注册测绘师,测绘综合能力,中,如果题目把“工程施工测量”放进测绘场景，答案应优先写什么？,应先写工程施工测量解决什么问题，再写关键技术点，最后结合工程场景说明。,场景应用
注册测绘师,测绘综合能力,中,“工程施工测量”与注册测绘师实务能力有什么直接关系？,它直接影响测绘方案设计、成果精度控制和技术问题判断。,执业导向
注册测绘师,测绘综合能力,中,作答“工程施工测量”时怎样体现测绘专业思维？,要写清技术依据、作业流程、质量控制和成果用途，而不是只背定义。,方法表达
注册测绘师,测绘综合能力,高,复习“变形监测”时最应先抓什么？,最应先抓：重点抓监测网布设、周期观测和异常判读。作答时要围绕从监测目的、指标和预警机制展开展开。,核心概念
注册测绘师,测绘综合能力,高,“变形监测”最容易出现的失分点是什么？,最常见失分点是：只写观测不写分析预警。应回到概念边界、技术要求和适用场景判断。,易错点
注册测绘师,测绘综合能力,中,如果题目把“变形监测”放进测绘场景，答案应优先写什么？,应先写变形监测解决什么问题，再写关键技术点，最后结合安全监测说明。,场景应用
注册测绘师,测绘综合能力,中,“变形监测”与注册测绘师实务能力有什么直接关系？,它直接影响测绘方案设计、成果精度控制和技术问题判断。,执业导向
注册测绘师,测绘综合能力,中,作答“变形监测”时怎样体现测绘专业思维？,要写清技术依据、作业流程、质量控制和成果用途，而不是只背定义。,方法表达
注册测绘师,测绘综合能力,高,复习“遥感基础”时最应先抓什么？,最应先抓：核心是电磁波谱、传感器和影像特征。作答时要围绕从成像原理、分辨率和应用场景分析展开。,核心概念
注册测绘师,测绘综合能力,高,“遥感基础”最容易出现的失分点是什么？,最常见失分点是：把不同分辨率概念写混。应回到概念边界、技术要求和适用场景判断。,易错点
注册测绘师,测绘综合能力,中,如果题目把“遥感基础”放进测绘场景，答案应优先写什么？,应先写遥感基础解决什么问题，再写关键技术点，最后结合遥感入门说明。,场景应用
注册测绘师,测绘综合能力,中,“遥感基础”与注册测绘师实务能力有什么直接关系？,它直接影响测绘方案设计、成果精度控制和技术问题判断。,执业导向
注册测绘师,测绘综合能力,中,作答“遥感基础”时怎样体现测绘专业思维？,要写清技术依据、作业流程、质量控制和成果用途，而不是只背定义。,方法表达
注册测绘师,测绘综合能力,高,复习“GIS基础”时最应先抓什么？,最应先抓：要把空间数据、属性数据和空间分析能力作为主线。作答时要围绕围绕采集、存储、分析和表达作答展开。,核心概念
注册测绘师,测绘综合能力,高,“GIS基础”最容易出现的失分点是什么？,最常见失分点是：把GIS写成简单制图软件。应回到概念边界、技术要求和适用场景判断。,易错点
注册测绘师,测绘综合能力,中,如果题目把“GIS基础”放进测绘场景，答案应优先写什么？,应先写GIS基础解决什么问题，再写关键技术点，最后结合信息系统说明。,场景应用
注册测绘师,测绘综合能力,中,“GIS基础”与注册测绘师实务能力有什么直接关系？,它直接影响测绘方案设计、成果精度控制和技术问题判断。,执业导向
注册测绘师,测绘综合能力,中,作答“GIS基础”时怎样体现测绘专业思维？,要写清技术依据、作业流程、质量控制和成果用途，而不是只背定义。,方法表达
注册测绘师,测绘综合能力,高,复习“摄影测量”时最应先抓什么？,最应先抓：重点理解像片几何关系和立体测图思路。作答时要围绕先写成像关系，再写外业控制与内业解算展开。,核心概念
注册测绘师,测绘综合能力,高,“摄影测量”最容易出现的失分点是什么？,最常见失分点是：只会背定义不懂作业流程。应回到概念边界、技术要求和适用场景判断。,易错点
注册测绘师,测绘综合能力,中,如果题目把“摄影测量”放进测绘场景，答案应优先写什么？,应先写摄影测量解决什么问题，再写关键技术点，最后结合测图技术说明。,场景应用
注册测绘师,测绘综合能力,中,“摄影测量”与注册测绘师实务能力有什么直接关系？,它直接影响测绘方案设计、成果精度控制和技术问题判断。,执业导向
注册测绘师,测绘综合能力,中,作答“摄影测量”时怎样体现测绘专业思维？,要写清技术依据、作业流程、质量控制和成果用途，而不是只背定义。,方法表达
注册测绘师,测绘综合能力,高,复习“海洋测绘”时最应先抓什么？,最应先抓：要抓海岸地形、水深测量和海图编制特点。作答时要围绕从环境条件、设备方法和成果用途分析展开。,核心概念
注册测绘师,测绘综合能力,高,“海洋测绘”最容易出现的失分点是什么？,最常见失分点是：把陆地测量方法机械套用到海上。应回到概念边界、技术要求和适用场景判断。,易错点
注册测绘师,测绘综合能力,中,如果题目把“海洋测绘”放进测绘场景，答案应优先写什么？,应先写海洋测绘解决什么问题，再写关键技术点，最后结合专业方向说明。,场景应用
注册测绘师,测绘综合能力,中,“海洋测绘”与注册测绘师实务能力有什么直接关系？,它直接影响测绘方案设计、成果精度控制和技术问题判断。,执业导向
注册测绘师,测绘综合能力,中,作答“海洋测绘”时怎样体现测绘专业思维？,要写清技术依据、作业流程、质量控制和成果用途，而不是只背定义。,方法表达
注册测绘师,测绘综合能力,高,复习“不动产测绘”时最应先抓什么？,最应先抓：核心在权属界址、面积量算和成果一致性。作答时要围绕结合权籍调查、界址点和登记应用作答展开。,核心概念
注册测绘师,测绘综合能力,高,“不动产测绘”最容易出现的失分点是什么？,最常见失分点是：忽视法律属性与技术要求结合。应回到概念边界、技术要求和适用场景判断。,易错点
注册测绘师,测绘综合能力,中,如果题目把“不动产测绘”放进测绘场景，答案应优先写什么？,应先写不动产测绘解决什么问题，再写关键技术点，最后结合应用高频说明。,场景应用
注册测绘师,测绘综合能力,中,“不动产测绘”与注册测绘师实务能力有什么直接关系？,它直接影响测绘方案设计、成果精度控制和技术问题判断。,执业导向
注册测绘师,测绘综合能力,中,作答“不动产测绘”时怎样体现测绘专业思维？,要写清技术依据、作业流程、质量控制和成果用途，而不是只背定义。,方法表达
注册测绘师,测绘综合能力,高,为什么测绘综合能力科目不能只靠公式记忆？,因为考试既看基础计算，也看你能否把原理转化为作业设计、误差控制和成果判断。,方法论
注册测绘师,测绘综合能力,中,综合能力题怎样快速建立答题主线？,可按“任务目标—技术依据—实施步骤—精度控制—成果输出”组织。,答题技巧
注册测绘师,测绘综合能力,高,为什么误差理论几乎贯穿全部测绘技术题？,因为无论控制测量、工程测量还是遥感解译，结果可靠性都建立在误差认识和控制上。,高频
注册测绘师,测绘综合能力,中,地图投影题如何避免空泛？,要把投影选择与区域范围、变形分布和制图用途直接挂钩。,作答提示
注册测绘师,测绘综合能力,高,为什么GNSS题经常与传统测量方法对比考查？,因为考试常要求判断不同技术在精度、效率和适用环境上的差异。,命题逻辑
注册测绘师,测绘综合能力,中,测绘综合能力复习的高效抓手是什么？,按“概念—原理—步骤—误差—应用”建立知识卡片最稳。,复习方法
注册测绘师,测绘综合能力,高,为什么不动产测绘题不能只从技术角度作答？,因为它同时涉及权属界定、成果应用和法律后果，技术与管理必须结合。,综合要求
注册测绘师,测绘综合能力,中,面对陌生技术题时先写什么最稳妥？,先定义任务和成果要求，再写常规技术路线与质量控制点。,应试技巧
注册测绘师,测绘综合能力,高,为什么案例里常把变形监测与工程安全联系起来？,因为监测的真正价值在于识别风险趋势并服务工程运行安全。,场景高频
注册测绘师,测绘综合能力,中,如何区分“精度指标”和“一般质量要求”？,精度指标通常可量化，质量要求则更强调过程控制、完整性和规范符合性。,辨析
注册测绘师,测绘管理与法律法规,高,“测绘法”在本科目中的复习抓手是什么？,复习抓手是：先抓基本制度、成果管理、资质资格和法律责任。作答时应围绕结合生产、使用、保密和监管要求分析展开。,核心概念
注册测绘师,测绘管理与法律法规,高,关于“测绘法”最容易出现的失分点是什么？,最常见失分点是：只背条文不看适用场景。应回到制度目的、适用主体和作业场景判断。,易错点
注册测绘师,测绘管理与法律法规,中,如果案例题涉及“测绘法”，答案应优先写什么？,应先写测绘法适用于什么情形，再写关键程序或义务，最后结合法规主线说明。,场景应用
注册测绘师,测绘管理与法律法规,中,“测绘法”与注册测绘师执业风险控制有什么直接关系？,它直接影响项目合规性、成果可用性和执业责任边界。,执业导向
注册测绘师,测绘管理与法律法规,中,作答“测绘法”时怎样避免写成法规背诵题？,要把制度要求与测绘生产、成果使用和管理责任联系起来作答。,作答方法
注册测绘师,测绘管理与法律法规,高,“地图管理条例”在本科目中的复习抓手是什么？,复习抓手是：重点理解地图编制、审核、出版和互联网地图管理要求。作答时应围绕围绕内容审查、表示规范和公开使用展开展开。,核心概念
注册测绘师,测绘管理与法律法规,高,关于“地图管理条例”最容易出现的失分点是什么？,最常见失分点是：忽视地图审核程序。应回到制度目的、适用主体和作业场景判断。,易错点
注册测绘师,测绘管理与法律法规,中,如果案例题涉及“地图管理条例”，答案应优先写什么？,应先写地图管理条例适用于什么情形，再写关键程序或义务，最后结合地图管理说明。,场景应用
注册测绘师,测绘管理与法律法规,中,“地图管理条例”与注册测绘师执业风险控制有什么直接关系？,它直接影响项目合规性、成果可用性和执业责任边界。,执业导向
注册测绘师,测绘管理与法律法规,中,作答“地图管理条例”时怎样避免写成法规背诵题？,要把制度要求与测绘生产、成果使用和管理责任联系起来作答。,作答方法
注册测绘师,测绘管理与法律法规,高,“测绘成果管理”在本科目中的复习抓手是什么？,复习抓手是：核心在成果汇交、保管、使用和共享。作答时应围绕从成果形成到应用全流程作答展开。,核心概念
注册测绘师,测绘管理与法律法规,高,关于“测绘成果管理”最容易出现的失分点是什么？,最常见失分点是：把成果管理等同于资料存档。应回到制度目的、适用主体和作业场景判断。,易错点
注册测绘师,测绘管理与法律法规,中,如果案例题涉及“测绘成果管理”，答案应优先写什么？,应先写测绘成果管理适用于什么情形，再写关键程序或义务，最后结合成果全流程说明。,场景应用
注册测绘师,测绘管理与法律法规,中,“测绘成果管理”与注册测绘师执业风险控制有什么直接关系？,它直接影响项目合规性、成果可用性和执业责任边界。,执业导向
注册测绘师,测绘管理与法律法规,中,作答“测绘成果管理”时怎样避免写成法规背诵题？,要把制度要求与测绘生产、成果使用和管理责任联系起来作答。,作答方法
注册测绘师,测绘管理与法律法规,高,“测绘资质管理”在本科目中的复习抓手是什么？,复习抓手是：要把资质等级、业务范围和监督检查联系起来理解。作答时应围绕先判断主体资格，再写业务边界展开。,核心概念
注册测绘师,测绘管理与法律法规,高,关于“测绘资质管理”最容易出现的失分点是什么？,最常见失分点是：把资质条件和执业范围混淆。应回到制度目的、适用主体和作业场景判断。,易错点
注册测绘师,测绘管理与法律法规,中,如果案例题涉及“测绘资质管理”，答案应优先写什么？,应先写测绘资质管理适用于什么情形，再写关键程序或义务，最后结合市场准入说明。,场景应用
注册测绘师,测绘管理与法律法规,中,“测绘资质管理”与注册测绘师执业风险控制有什么直接关系？,它直接影响项目合规性、成果可用性和执业责任边界。,执业导向
注册测绘师,测绘管理与法律法规,中,作答“测绘资质管理”时怎样避免写成法规背诵题？,要把制度要求与测绘生产、成果使用和管理责任联系起来作答。,作答方法
注册测绘师,测绘管理与法律法规,高,“注册执业制度”在本科目中的复习抓手是什么？,复习抓手是：重点抓注册测绘师的注册、继续教育和执业责任。作答时应围绕从个人资格与单位资质的关系展开展开。,核心概念
注册测绘师,测绘管理与法律法规,高,关于“注册执业制度”最容易出现的失分点是什么？,最常见失分点是：把个人注册和单位资质混为一体。应回到制度目的、适用主体和作业场景判断。,易错点
注册测绘师,测绘管理与法律法规,中,如果案例题涉及“注册执业制度”，答案应优先写什么？,应先写注册执业制度适用于什么情形，再写关键程序或义务，最后结合执业规范说明。,场景应用
注册测绘师,测绘管理与法律法规,中,“注册执业制度”与注册测绘师执业风险控制有什么直接关系？,它直接影响项目合规性、成果可用性和执业责任边界。,执业导向
注册测绘师,测绘管理与法律法规,中,作答“注册执业制度”时怎样避免写成法规背诵题？,要把制度要求与测绘生产、成果使用和管理责任联系起来作答。,作答方法
注册测绘师,测绘管理与法律法规,高,“保密管理”在本科目中的复习抓手是什么？,复习抓手是：核心是涉密测绘成果和地理信息安全管理。作答时应围绕围绕定密、使用、传输和销毁要求展开展开。,核心概念
注册测绘师,测绘管理与法律法规,高,关于“保密管理”最容易出现的失分点是什么？,最常见失分点是：忽视成果流转环节风险。应回到制度目的、适用主体和作业场景判断。,易错点
注册测绘师,测绘管理与法律法规,中,如果案例题涉及“保密管理”，答案应优先写什么？,应先写保密管理适用于什么情形，再写关键程序或义务，最后结合安全底线说明。,场景应用
注册测绘师,测绘管理与法律法规,中,“保密管理”与注册测绘师执业风险控制有什么直接关系？,它直接影响项目合规性、成果可用性和执业责任边界。,执业导向
注册测绘师,测绘管理与法律法规,中,作答“保密管理”时怎样避免写成法规背诵题？,要把制度要求与测绘生产、成果使用和管理责任联系起来作答。,作答方法
注册测绘师,测绘管理与法律法规,高,“数据安全”在本科目中的复习抓手是什么？,复习抓手是：要把数据分级分类、处理活动和安全责任理解透。作答时应围绕结合测绘数据采集、存储、传输、共享分析展开。,核心概念
注册测绘师,测绘管理与法律法规,高,关于“数据安全”最容易出现的失分点是什么？,最常见失分点是：泛泛而谈网络安全。应回到制度目的、适用主体和作业场景判断。,易错点
注册测绘师,测绘管理与法律法规,中,如果案例题涉及“数据安全”，答案应优先写什么？,应先写数据安全适用于什么情形，再写关键程序或义务，最后结合热点法规说明。,场景应用
注册测绘师,测绘管理与法律法规,中,“数据安全”与注册测绘师执业风险控制有什么直接关系？,它直接影响项目合规性、成果可用性和执业责任边界。,执业导向
注册测绘师,测绘管理与法律法规,中,作答“数据安全”时怎样避免写成法规背诵题？,要把制度要求与测绘生产、成果使用和管理责任联系起来作答。,作答方法
注册测绘师,测绘管理与法律法规,高,“招标投标管理”在本科目中的复习抓手是什么？,复习抓手是：重点是程序合法、公平竞争和合同衔接。作答时应围绕从招标条件、评标、定标和履约管理作答展开。,核心概念
注册测绘师,测绘管理与法律法规,高,关于“招标投标管理”最容易出现的失分点是什么？,最常见失分点是：把采购流程和招投标程序写乱。应回到制度目的、适用主体和作业场景判断。,易错点
注册测绘师,测绘管理与法律法规,中,如果案例题涉及“招标投标管理”，答案应优先写什么？,应先写招标投标管理适用于什么情形，再写关键程序或义务，最后结合项目管理说明。,场景应用
注册测绘师,测绘管理与法律法规,中,“招标投标管理”与注册测绘师执业风险控制有什么直接关系？,它直接影响项目合规性、成果可用性和执业责任边界。,执业导向
注册测绘师,测绘管理与法律法规,中,作答“招标投标管理”时怎样避免写成法规背诵题？,要把制度要求与测绘生产、成果使用和管理责任联系起来作答。,作答方法
注册测绘师,测绘管理与法律法规,高,“合同管理”在本科目中的复习抓手是什么？,复习抓手是：核心是合同约定、履约控制、变更和违约责任。作答时应围绕先认清合同关系，再写风险分配展开。,核心概念
注册测绘师,测绘管理与法律法规,高,关于“合同管理”最容易出现的失分点是什么？,最常见失分点是：只写签合同不写履约管理。应回到制度目的、适用主体和作业场景判断。,易错点
注册测绘师,测绘管理与法律法规,中,如果案例题涉及“合同管理”，答案应优先写什么？,应先写合同管理适用于什么情形，再写关键程序或义务，最后结合法律实务说明。,场景应用
注册测绘师,测绘管理与法律法规,中,“合同管理”与注册测绘师执业风险控制有什么直接关系？,它直接影响项目合规性、成果可用性和执业责任边界。,执业导向
注册测绘师,测绘管理与法律法规,中,作答“合同管理”时怎样避免写成法规背诵题？,要把制度要求与测绘生产、成果使用和管理责任联系起来作答。,作答方法
注册测绘师,测绘管理与法律法规,高,“标准化管理”在本科目中的复习抓手是什么？,复习抓手是：要把国家标准、行业标准和作业规范作为质量底座。作答时应围绕结合标准适用层级和执行要求答题展开。,核心概念
注册测绘师,测绘管理与法律法规,高,关于“标准化管理”最容易出现的失分点是什么？,最常见失分点是：背标准名称不知用途。应回到制度目的、适用主体和作业场景判断。,易错点
注册测绘师,测绘管理与法律法规,中,如果案例题涉及“标准化管理”，答案应优先写什么？,应先写标准化管理适用于什么情形，再写关键程序或义务，最后结合规范体系说明。,场景应用
注册测绘师,测绘管理与法律法规,中,“标准化管理”与注册测绘师执业风险控制有什么直接关系？,它直接影响项目合规性、成果可用性和执业责任边界。,执业导向
注册测绘师,测绘管理与法律法规,中,作答“标准化管理”时怎样避免写成法规背诵题？,要把制度要求与测绘生产、成果使用和管理责任联系起来作答。,作答方法
注册测绘师,测绘管理与法律法规,高,“质量管理制度”在本科目中的复习抓手是什么？,复习抓手是：重点抓“两级检查、一级验收”等质量责任链条。作答时应围绕从过程检查、成果验收和问题整改展开展开。,核心概念
注册测绘师,测绘管理与法律法规,高,关于“质量管理制度”最容易出现的失分点是什么？,最常见失分点是：把质量管理写成结果验收。应回到制度目的、适用主体和作业场景判断。,易错点
注册测绘师,测绘管理与法律法规,中,如果案例题涉及“质量管理制度”，答案应优先写什么？,应先写质量管理制度适用于什么情形，再写关键程序或义务，最后结合质量制度说明。,场景应用
注册测绘师,测绘管理与法律法规,中,“质量管理制度”与注册测绘师执业风险控制有什么直接关系？,它直接影响项目合规性、成果可用性和执业责任边界。,执业导向
注册测绘师,测绘管理与法律法规,中,作答“质量管理制度”时怎样避免写成法规背诵题？,要把制度要求与测绘生产、成果使用和管理责任联系起来作答。,作答方法
注册测绘师,测绘管理与法律法规,高,“档案管理”在本科目中的复习抓手是什么？,复习抓手是：核心在原始记录、成果资料和项目文件留存。作答时应围绕强调完整、真实、可追溯展开。,核心概念
注册测绘师,测绘管理与法律法规,高,关于“档案管理”最容易出现的失分点是什么？,最常见失分点是：忽视原始资料价值。应回到制度目的、适用主体和作业场景判断。,易错点
注册测绘师,测绘管理与法律法规,中,如果案例题涉及“档案管理”，答案应优先写什么？,应先写档案管理适用于什么情形，再写关键程序或义务，最后结合资料闭环说明。,场景应用
注册测绘师,测绘管理与法律法规,中,“档案管理”与注册测绘师执业风险控制有什么直接关系？,它直接影响项目合规性、成果可用性和执业责任边界。,执业导向
注册测绘师,测绘管理与法律法规,中,作答“档案管理”时怎样避免写成法规背诵题？,要把制度要求与测绘生产、成果使用和管理责任联系起来作答。,作答方法
注册测绘师,测绘管理与法律法规,高,“行政处罚与责任”在本科目中的复习抓手是什么？,复习抓手是：要区分违法行为、处罚种类和责任主体。作答时应围绕先判定行为性质，再写责任后果展开。,核心概念
注册测绘师,测绘管理与法律法规,高,关于“行政处罚与责任”最容易出现的失分点是什么？,最常见失分点是：责任主体判断错误。应回到制度目的、适用主体和作业场景判断。,易错点
注册测绘师,测绘管理与法律法规,中,如果案例题涉及“行政处罚与责任”，答案应优先写什么？,应先写行政处罚与责任适用于什么情形，再写关键程序或义务，最后结合法条应用说明。,场景应用
注册测绘师,测绘管理与法律法规,中,“行政处罚与责任”与注册测绘师执业风险控制有什么直接关系？,它直接影响项目合规性、成果可用性和执业责任边界。,执业导向
注册测绘师,测绘管理与法律法规,中,作答“行政处罚与责任”时怎样避免写成法规背诵题？,要把制度要求与测绘生产、成果使用和管理责任联系起来作答。,作答方法
注册测绘师,测绘管理与法律法规,高,“互联网地图服务”在本科目中的复习抓手是什么？,复习抓手是：重点理解审图、底图合规、位置数据和信息发布边界。作答时应围绕从技术服务与合规义务结合分析展开。,核心概念
注册测绘师,测绘管理与法律法规,高,关于“互联网地图服务”最容易出现的失分点是什么？,最常见失分点是：忽视线上地图的合规要求。应回到制度目的、适用主体和作业场景判断。,易错点
注册测绘师,测绘管理与法律法规,中,如果案例题涉及“互联网地图服务”，答案应优先写什么？,应先写互联网地图服务适用于什么情形，再写关键程序或义务，最后结合新业态说明。,场景应用
注册测绘师,测绘管理与法律法规,中,“互联网地图服务”与注册测绘师执业风险控制有什么直接关系？,它直接影响项目合规性、成果可用性和执业责任边界。,执业导向
注册测绘师,测绘管理与法律法规,中,作答“互联网地图服务”时怎样避免写成法规背诵题？,要把制度要求与测绘生产、成果使用和管理责任联系起来作答。,作答方法
注册测绘师,测绘管理与法律法规,高,“项目管理制度”在本科目中的复习抓手是什么？,复习抓手是：要把立项、组织、实施、验收和成果交付贯通理解。作答时应围绕结合测绘项目全过程管理作答展开。,核心概念
注册测绘师,测绘管理与法律法规,高,关于“项目管理制度”最容易出现的失分点是什么？,最常见失分点是：只记流程不看责任落实。应回到制度目的、适用主体和作业场景判断。,易错点
注册测绘师,测绘管理与法律法规,中,如果案例题涉及“项目管理制度”，答案应优先写什么？,应先写项目管理制度适用于什么情形，再写关键程序或义务，最后结合管理框架说明。,场景应用
注册测绘师,测绘管理与法律法规,中,“项目管理制度”与注册测绘师执业风险控制有什么直接关系？,它直接影响项目合规性、成果可用性和执业责任边界。,执业导向
注册测绘师,测绘管理与法律法规,中,作答“项目管理制度”时怎样避免写成法规背诵题？,要把制度要求与测绘生产、成果使用和管理责任联系起来作答。,作答方法
注册测绘师,测绘管理与法律法规,高,为什么管理法规科目常考数字、期限和责任主体？,因为这些细节最能检验考生是否真正掌握制度边界和实务适用。,命题特点
注册测绘师,测绘管理与法律法规,中,法规题怎样快速定位答题重点？,先看主体是谁、行为是什么、属于哪个制度，再写程序、义务和责任。,答题技巧
注册测绘师,测绘管理与法律法规,高,为什么测绘成果管理与保密管理经常联动考查？,因为成果越重要，越要同时满足可用性管理和安全控制要求。,高频
注册测绘师,测绘管理与法律法规,中,互联网地图服务题如何避免失分？,必须把技术发布行为和审图、底图、位置数据合规义务一起写。,热点
注册测绘师,测绘管理与法律法规,高,为什么个人注册执业制度不能脱离单位资质理解？,因为注册测绘师个人执业通常依附于具备相应资质的单位活动。,辨析
注册测绘师,测绘管理与法律法规,中,测绘管理法规复习的最好抓手是什么？,按“主体—行为—程序—责任—常见违法点”做卡片最有效。,复习方法
注册测绘师,测绘管理与法律法规,高,为什么法律责任题不能只写处罚结果？,因为完整作答还要说明触发条件、责任主体和违法行为性质。,作答提示
注册测绘师,测绘管理与法律法规,中,案例里出现合同争议时优先分析什么？,优先分析合同约定、履约事实、证据链和违约责任分配。,实务技巧
注册测绘师,测绘管理与法律法规,高,为什么标准规范也是法规管理科目的得分基础？,因为质量验收、成果判定和责任认定往往都以标准规范为依据。,综合要求
注册测绘师,测绘管理与法律法规,中,管理题如何体现注册测绘师的执业视角？,多写合规审查、责任划分、成果交付和风险预防，而不是空谈原则。,作答风格
注册测绘师,测绘案例分析,高,案例题遇到“控制测量方案设计”时最应先抓什么？,最应先抓：先明确任务等级、精度要求和布网原则。作答时要围绕答题时按任务分析、技术路线、实施步骤、质量控制展开展开。,核心概念
注册测绘师,测绘案例分析,高,“控制测量方案设计”案例题最容易出现的失分点是什么？,最常见失分点是：上来就写仪器不写任务条件。应回到任务条件、技术流程和质量要求判断。,易错点
注册测绘师,测绘案例分析,中,如果题目考查“控制测量方案设计”，答案应优先写什么？,应先写控制测量方案设计的任务目标，再写关键步骤或控制点，最后结合案例框架说明。,场景应用
注册测绘师,测绘案例分析,中,“控制测量方案设计”与注册测绘师案例得分有什么直接关系？,它直接影响答案是否完整、是否符合项目逻辑以及是否体现执业能力。,执业导向
注册测绘师,测绘案例分析,中,作答“控制测量方案设计”时怎样体现案例分析能力？,要同时写已知条件、分析过程、技术选择、质量控制和结论建议。,方法表达
注册测绘师,测绘案例分析,高,案例题遇到“工程测量实施”时最应先抓什么？,最应先抓：核心是控制复核、放样、复测与成果交付闭环。作答时要围绕围绕项目阶段和精度要求组织答案展开。,核心概念
注册测绘师,测绘案例分析,高,“工程测量实施”案例题最容易出现的失分点是什么？,最常见失分点是：把实施流程写成零散点。应回到任务条件、技术流程和质量要求判断。,易错点
注册测绘师,测绘案例分析,中,如果题目考查“工程测量实施”，答案应优先写什么？,应先写工程测量实施的任务目标，再写关键步骤或控制点，最后结合工程场景说明。,场景应用
注册测绘师,测绘案例分析,中,“工程测量实施”与注册测绘师案例得分有什么直接关系？,它直接影响答案是否完整、是否符合项目逻辑以及是否体现执业能力。,执业导向
注册测绘师,测绘案例分析,中,作答“工程测量实施”时怎样体现案例分析能力？,要同时写已知条件、分析过程、技术选择、质量控制和结论建议。,方法表达
注册测绘师,测绘案例分析,高,案例题遇到“地形图测绘项目”时最应先抓什么？,最应先抓：要把控制基础、外业采集、内业编辑和成图检查串起来。作答时要围绕先写技术流程，再写质量控制展开。,核心概念
注册测绘师,测绘案例分析,高,“地形图测绘项目”案例题最容易出现的失分点是什么？,最常见失分点是：忽略内外业衔接。应回到任务条件、技术流程和质量要求判断。,易错点
注册测绘师,测绘案例分析,中,如果题目考查“地形图测绘项目”，答案应优先写什么？,应先写地形图测绘项目的任务目标，再写关键步骤或控制点，最后结合常见案例说明。,场景应用
注册测绘师,测绘案例分析,中,“地形图测绘项目”与注册测绘师案例得分有什么直接关系？,它直接影响答案是否完整、是否符合项目逻辑以及是否体现执业能力。,执业导向
注册测绘师,测绘案例分析,中,作答“地形图测绘项目”时怎样体现案例分析能力？,要同时写已知条件、分析过程、技术选择、质量控制和结论建议。,方法表达
注册测绘师,测绘案例分析,高,案例题遇到“不动产测绘案例”时最应先抓什么？,最应先抓：重点抓权籍调查、界址点测定、面积量算和成果入库。作答时要围绕从权属依据、技术实施和成果应用作答展开。,核心概念
注册测绘师,测绘案例分析,高,“不动产测绘案例”案例题最容易出现的失分点是什么？,最常见失分点是：只写技术不写权属依据。应回到任务条件、技术流程和质量要求判断。,易错点
注册测绘师,测绘案例分析,中,如果题目考查“不动产测绘案例”，答案应优先写什么？,应先写不动产测绘案例的任务目标，再写关键步骤或控制点，最后结合登记场景说明。,场景应用
注册测绘师,测绘案例分析,中,“不动产测绘案例”与注册测绘师案例得分有什么直接关系？,它直接影响答案是否完整、是否符合项目逻辑以及是否体现执业能力。,执业导向
注册测绘师,测绘案例分析,中,作答“不动产测绘案例”时怎样体现案例分析能力？,要同时写已知条件、分析过程、技术选择、质量控制和结论建议。,方法表达
注册测绘师,测绘案例分析,高,案例题遇到“变形监测案例”时最应先抓什么？,最应先抓：核心是监测方案、周期安排、异常分析和预警建议。作答时要围绕先写监测目的，再写布设、观测、分析、处置展开。,核心概念
注册测绘师,测绘案例分析,高,“变形监测案例”案例题最容易出现的失分点是什么？,最常见失分点是：只写观测数据不写风险判断。应回到任务条件、技术流程和质量要求判断。,易错点
注册测绘师,测绘案例分析,中,如果题目考查“变形监测案例”，答案应优先写什么？,应先写变形监测案例的任务目标，再写关键步骤或控制点，最后结合安全监测说明。,场景应用
注册测绘师,测绘案例分析,中,“变形监测案例”与注册测绘师案例得分有什么直接关系？,它直接影响答案是否完整、是否符合项目逻辑以及是否体现执业能力。,执业导向
注册测绘师,测绘案例分析,中,作答“变形监测案例”时怎样体现案例分析能力？,要同时写已知条件、分析过程、技术选择、质量控制和结论建议。,方法表达
注册测绘师,测绘案例分析,高,案例题遇到“GNSS外业作业”时最应先抓什么？,最应先抓：要把选点、观测、记录、数据下载和后处理统一起来。作答时要围绕围绕环境条件与精度要求展开展开。,核心概念
注册测绘师,测绘案例分析,高,“GNSS外业作业”案例题最容易出现的失分点是什么？,最常见失分点是：忽视外业环境对成果影响。应回到任务条件、技术流程和质量要求判断。,易错点
注册测绘师,测绘案例分析,中,如果题目考查“GNSS外业作业”，答案应优先写什么？,应先写GNSS外业作业的任务目标，再写关键步骤或控制点，最后结合外业组织说明。,场景应用
注册测绘师,测绘案例分析,中,“GNSS外业作业”与注册测绘师案例得分有什么直接关系？,它直接影响答案是否完整、是否符合项目逻辑以及是否体现执业能力。,执业导向
注册测绘师,测绘案例分析,中,作答“GNSS外业作业”时怎样体现案例分析能力？,要同时写已知条件、分析过程、技术选择、质量控制和结论建议。,方法表达
注册测绘师,测绘案例分析,高,案例题遇到“摄影测量项目”时最应先抓什么？,最应先抓：重点在像控布设、航摄设计、空三加密和成果生成。作答时要围绕从数据获取到成果检查全流程作答展开。,核心概念
注册测绘师,测绘案例分析,高,“摄影测量项目”案例题最容易出现的失分点是什么？,最常见失分点是：只写技术名词不写流程逻辑。应回到任务条件、技术流程和质量要求判断。,易错点
注册测绘师,测绘案例分析,中,如果题目考查“摄影测量项目”，答案应优先写什么？,应先写摄影测量项目的任务目标，再写关键步骤或控制点，最后结合遥感案例说明。,场景应用
注册测绘师,测绘案例分析,中,“摄影测量项目”与注册测绘师案例得分有什么直接关系？,它直接影响答案是否完整、是否符合项目逻辑以及是否体现执业能力。,执业导向
注册测绘师,测绘案例分析,中,作答“摄影测量项目”时怎样体现案例分析能力？,要同时写已知条件、分析过程、技术选择、质量控制和结论建议。,方法表达
注册测绘师,测绘案例分析,高,案例题遇到“GIS建库项目”时最应先抓什么？,最应先抓：核心是数据标准、图层组织、拓扑检查和更新机制。作答时要围绕答题时写数据来源、处理流程和质量检查展开。,核心概念
注册测绘师,测绘案例分析,高,“GIS建库项目”案例题最容易出现的失分点是什么？,最常见失分点是：忽略数据库规则和更新要求。应回到任务条件、技术流程和质量要求判断。,易错点
注册测绘师,测绘案例分析,中,如果题目考查“GIS建库项目”，答案应优先写什么？,应先写GIS建库项目的任务目标，再写关键步骤或控制点，最后结合信息化项目说明。,场景应用
注册测绘师,测绘案例分析,中,“GIS建库项目”与注册测绘师案例得分有什么直接关系？,它直接影响答案是否完整、是否符合项目逻辑以及是否体现执业能力。,执业导向
注册测绘师,测绘案例分析,中,作答“GIS建库项目”时怎样体现案例分析能力？,要同时写已知条件、分析过程、技术选择、质量控制和结论建议。,方法表达
注册测绘师,测绘案例分析,高,案例题遇到“地图编制案例”时最应先抓什么？,最应先抓：重点抓资料选取、表示方法、审图要求和发布管理。作答时要围绕从技术表达与管理合规双线作答展开。,核心概念
注册测绘师,测绘案例分析,高,“地图编制案例”案例题最容易出现的失分点是什么？,最常见失分点是：只写制图技巧不写审图。应回到任务条件、技术流程和质量要求判断。,易错点
注册测绘师,测绘案例分析,中,如果题目考查“地图编制案例”，答案应优先写什么？,应先写地图编制案例的任务目标，再写关键步骤或控制点，最后结合地图成果说明。,场景应用
注册测绘师,测绘案例分析,中,“地图编制案例”与注册测绘师案例得分有什么直接关系？,它直接影响答案是否完整、是否符合项目逻辑以及是否体现执业能力。,执业导向
注册测绘师,测绘案例分析,中,作答“地图编制案例”时怎样体现案例分析能力？,要同时写已知条件、分析过程、技术选择、质量控制和结论建议。,方法表达
注册测绘师,测绘案例分析,高,案例题遇到“海洋测绘案例”时最应先抓什么？,最应先抓：要结合作业环境、设备选型和成果用途分析。作答时要围绕先写作业条件，再写方法、质量控制和成果表达展开。,核心概念
注册测绘师,测绘案例分析,高,“海洋测绘案例”案例题最容易出现的失分点是什么？,最常见失分点是：套用陆地测绘模板。应回到任务条件、技术流程和质量要求判断。,易错点
注册测绘师,测绘案例分析,中,如果题目考查“海洋测绘案例”，答案应优先写什么？,应先写海洋测绘案例的任务目标，再写关键步骤或控制点，最后结合专业方向说明。,场景应用
注册测绘师,测绘案例分析,中,“海洋测绘案例”与注册测绘师案例得分有什么直接关系？,它直接影响答案是否完整、是否符合项目逻辑以及是否体现执业能力。,执业导向
注册测绘师,测绘案例分析,中,作答“海洋测绘案例”时怎样体现案例分析能力？,要同时写已知条件、分析过程、技术选择、质量控制和结论建议。,方法表达
注册测绘师,测绘案例分析,高,案例题遇到“质量检查与验收”时最应先抓什么？,最应先抓：核心是检查层级、抽样方法、问题整改和最终验收结论。作答时要围绕从过程质控到成果验收作答展开。,核心概念
注册测绘师,测绘案例分析,高,“质量检查与验收”案例题最容易出现的失分点是什么？,最常见失分点是：把验收等同于简单提交。应回到任务条件、技术流程和质量要求判断。,易错点
注册测绘师,测绘案例分析,中,如果题目考查“质量检查与验收”，答案应优先写什么？,应先写质量检查与验收的任务目标，再写关键步骤或控制点，最后结合质量管理说明。,场景应用
注册测绘师,测绘案例分析,中,“质量检查与验收”与注册测绘师案例得分有什么直接关系？,它直接影响答案是否完整、是否符合项目逻辑以及是否体现执业能力。,执业导向
注册测绘师,测绘案例分析,中,作答“质量检查与验收”时怎样体现案例分析能力？,要同时写已知条件、分析过程、技术选择、质量控制和结论建议。,方法表达
注册测绘师,测绘案例分析,高,案例题遇到“成果汇交与档案”时最应先抓什么？,最应先抓：重点在成果整理、元数据、汇交要求和资料归档。作答时要围绕结合项目收尾阶段作答展开。,核心概念
注册测绘师,测绘案例分析,高,“成果汇交与档案”案例题最容易出现的失分点是什么？,最常见失分点是：只写交付不写留档与汇交。应回到任务条件、技术流程和质量要求判断。,易错点
注册测绘师,测绘案例分析,中,如果题目考查“成果汇交与档案”，答案应优先写什么？,应先写成果汇交与档案的任务目标，再写关键步骤或控制点，最后结合收尾管理说明。,场景应用
注册测绘师,测绘案例分析,中,“成果汇交与档案”与注册测绘师案例得分有什么直接关系？,它直接影响答案是否完整、是否符合项目逻辑以及是否体现执业能力。,执业导向
注册测绘师,测绘案例分析,中,作答“成果汇交与档案”时怎样体现案例分析能力？,要同时写已知条件、分析过程、技术选择、质量控制和结论建议。,方法表达
注册测绘师,测绘案例分析,高,案例题遇到“法规合规案例”时最应先抓什么？,最应先抓：核心是识别违法风险、明确程序义务和责任主体。作答时要围绕先判定制度依据，再写整改与责任展开。,核心概念
注册测绘师,测绘案例分析,高,“法规合规案例”案例题最容易出现的失分点是什么？,最常见失分点是：只谈原则不落到条文要求。应回到任务条件、技术流程和质量要求判断。,易错点
注册测绘师,测绘案例分析,中,如果题目考查“法规合规案例”，答案应优先写什么？,应先写法规合规案例的任务目标，再写关键步骤或控制点，最后结合法规联动说明。,场景应用
注册测绘师,测绘案例分析,中,“法规合规案例”与注册测绘师案例得分有什么直接关系？,它直接影响答案是否完整、是否符合项目逻辑以及是否体现执业能力。,执业导向
注册测绘师,测绘案例分析,中,作答“法规合规案例”时怎样体现案例分析能力？,要同时写已知条件、分析过程、技术选择、质量控制和结论建议。,方法表达
注册测绘师,测绘案例分析,高,案例题遇到“综合案例答题结构”时最应先抓什么？,最应先抓：要先审题分问，再按步骤列点，最后形成结论。作答时要围绕使用“问题—依据—步骤—结论”结构最稳展开。,核心概念
注册测绘师,测绘案例分析,高,“综合案例答题结构”案例题最容易出现的失分点是什么？,最常见失分点是：堆知识点不对应题问。应回到任务条件、技术流程和质量要求判断。,易错点
注册测绘师,测绘案例分析,中,如果题目考查“综合案例答题结构”，答案应优先写什么？,应先写综合案例答题结构的任务目标，再写关键步骤或控制点，最后结合答题模板说明。,场景应用
注册测绘师,测绘案例分析,中,“综合案例答题结构”与注册测绘师案例得分有什么直接关系？,它直接影响答案是否完整、是否符合项目逻辑以及是否体现执业能力。,执业导向
注册测绘师,测绘案例分析,中,作答“综合案例答题结构”时怎样体现案例分析能力？,要同时写已知条件、分析过程、技术选择、质量控制和结论建议。,方法表达
注册测绘师,测绘案例分析,高,案例题遇到“项目组织协调”时最应先抓什么？,最应先抓：核心是任务分工、进度协调、质量责任和沟通机制。作答时要围绕从项目管理角度补足技术答案展开。,核心概念
注册测绘师,测绘案例分析,高,“项目组织协调”案例题最容易出现的失分点是什么？,最常见失分点是：只谈技术不谈组织管理。应回到任务条件、技术流程和质量要求判断。,易错点
注册测绘师,测绘案例分析,中,如果题目考查“项目组织协调”，答案应优先写什么？,应先写项目组织协调的任务目标，再写关键步骤或控制点，最后结合综合管理说明。,场景应用
注册测绘师,测绘案例分析,中,“项目组织协调”与注册测绘师案例得分有什么直接关系？,它直接影响答案是否完整、是否符合项目逻辑以及是否体现执业能力。,执业导向
注册测绘师,测绘案例分析,中,作答“项目组织协调”时怎样体现案例分析能力？,要同时写已知条件、分析过程、技术选择、质量控制和结论建议。,方法表达
注册测绘师,测绘案例分析,高,为什么案例分析是很多考生最难稳定得分的科目？,因为它要求把分散知识整合成完整项目答案，而不是分别背诵单个知识点。,命题特点
注册测绘师,测绘案例分析,中,案例题审题第一步应该做什么？,先划出题目问了几问、每问要回答什么，再匹配给定资料中的关键信息。,答题技巧
注册测绘师,测绘案例分析,高,为什么案例答案必须体现“步骤感”？,因为阅卷更容易按作业流程和管理逻辑寻找得分点，没有步骤就容易漏分。,评分逻辑
注册测绘师,测绘案例分析,中,综合案例题如何避免只写技术不写管理？,在技术步骤后补上质量控制、成果交付、责任划分和合规要求。,作答提示
注册测绘师,测绘案例分析,高,为什么案例题常把技术与法规放在一起考？,因为真实测绘项目既要技术可行，也要程序合法和成果可用。,命题逻辑
注册测绘师,测绘案例分析,中,测绘案例分析复习的最好抓手是什么？,按“项目类型—常见问题—标准流程—易错点—结论模板”整理最有效。,复习方法
注册测绘师,测绘案例分析,中,面对资料很多的案例题时如何下手？,先按题问筛选信息，再把无关背景剔除，围绕得分点组织答案。,应试技巧
注册测绘师,测绘案例分析,高,为什么案例题结尾最好写管理或建议性表述？,因为注册测绘师不仅要会做，还要能提出改进和风险控制建议。,执业视角
注册测绘师,测绘案例分析,中,案例题如何体现“注册测绘师”身份？,要多写技术负责人视角下的方案审查、质量把关、成果审核和责任落实。,作答风格
注册测绘师,测绘案例分析,高,为什么不动产、工程测量、GIS建库常成为案例高频主题？,因为这些场景覆盖面广，既能考技术流程，也能考成果管理与法规适用。,高频
